"year","employee_id","location","overtime_hours"
2020,1,"NY",47
2019,2,"NY",50
2020,3,"TX",2
2023,4,"TX",30
2019,5,"CA",38
2020,6,"FL",47
2022,7,"FL",32
2020,8,"Remote",49
2020,9,"FL",41
2023,10,"Remote",21
2023,11,"NY",15
2020,12,"FL",37
2020,13,"CA",5
2020,14,"TX",10
2020,15,"Remote",27
2021,16,"Remote",48
2021,17,"CA",6
2021,18,"CA",42
2022,19,"TX",13
2018,20,"FL",2
2022,21,"TX",35
2019,22,"Remote",19
2023,23,"TX",46
2024,24,"TX",29
2018,25,"FL",2
2024,26,"Remote",6
2019,27,"Remote",44
2021,28,"FL",43
2018,29,"Remote",20
2023,30,"FL",34
2022,31,"TX",50
2019,32,"NY",40
2019,33,"CA",49
2020,34,"FL",9
2018,35,"FL",38
2022,36,"FL",28
2023,37,"CA",44
2024,38,"Remote",12
2020,39,"CA",41
2018,40,"FL",11
2023,41,"NY",49
2021,42,"CA",5
2021,43,"FL",16
2018,44,"FL",30
2024,45,"Remote",12
2023,46,"FL",50
2020,47,"TX",2
2022,48,"NY",20
2018,49,"FL",8
2021,50,"Remote",7
2024,51,"NY",38
2021,52,"CA",14
2020,53,"FL",28
2023,54,"Remote",30
2024,55,"CA",23
2024,56,"Remote",26
2022,57,"NY",27
2018,58,"Remote",1
2024,59,"Remote",24
2021,60,"TX",21
2022,61,"CA",42
2021,62,"TX",10
2024,63,"NY",43
2022,64,"NY",35
2021,65,"TX",48
2022,66,"NY",26
2022,67,"FL",50
2023,68,"Remote",40
2021,69,"FL",27
2023,70,"CA",15
2018,71,"Remote",18
2022,72,"TX",4
2020,73,"TX",38
2018,74,"TX",20
2020,75,"NY",29
2021,76,"CA",43
2022,77,"FL",28
2021,78,"TX",28
2021,79,"TX",32
2021,80,"FL",50
2023,81,"FL",38
2022,82,"FL",18
2023,83,"Remote",23
2021,84,"TX",48
2020,85,"Remote",50
2021,86,"Remote",33
2021,87,"CA",33
2019,88,"Remote",24
2022,89,"FL",34
2022,90,"CA",47
2020,91,"Remote",44
2024,92,"FL",12
2024,93,"CA",3
2020,94,"TX",25
2018,95,"NY",46
2018,96,"TX",22
2019,97,"NY",23
2021,98,"CA",42
2024,99,"NY",21
2023,100,"CA",14
2024,101,"TX",47
2022,102,"NY",9
2018,103,"FL",2
2020,104,"FL",49
2018,105,"CA",45
2024,106,"FL",3
2021,107,"TX",26
2024,108,"Remote",49
2019,109,"FL",16
2024,110,"CA",2
2023,111,"FL",11
2021,112,"TX",35
2023,113,"NY",19
2021,114,"TX",14
2020,115,"Remote",24
2023,116,"NY",20
2021,117,"Remote",22
2019,118,"NY",15
2020,119,"TX",35
2019,120,"CA",7
2024,121,"FL",6
2019,122,"Remote",14
2021,123,"FL",43
2018,124,"TX",38
2022,125,"NY",1
2022,126,"TX",8
2021,127,"CA",24
2018,128,"CA",23
2024,129,"CA",20
2021,130,"NY",31
2018,131,"FL",2
2023,132,"Remote",0
2020,133,"Remote",12
2022,134,"CA",22
2023,135,"NY",1
2018,136,"NY",8
2024,137,"Remote",37
2022,138,"Remote",30
2022,139,"TX",15
2021,140,"FL",32
2021,141,"FL",27
2021,142,"TX",20
2021,143,"Remote",45
2018,144,"Remote",9
2021,145,"CA",45
2019,146,"Remote",41
2023,147,"Remote",27
2019,148,"TX",24
2019,149,"TX",19
2024,150,"FL",34
2019,151,"Remote",20
2023,152,"TX",8
2019,153,"NY",15
2024,154,"FL",41
2018,155,"Remote",30
2023,156,"NY",3
2024,157,"CA",47
2023,158,"FL",44
2023,159,"TX",39
2021,160,"FL",50
2020,161,"NY",19
2019,162,"FL",38
2023,163,"Remote",10
2023,164,"Remote",33
2020,165,"NY",30
2018,166,"CA",6
2024,167,"FL",29
2021,168,"NY",26
2024,169,"TX",2
2020,170,"NY",38
2022,171,"TX",37
2020,172,"Remote",19
2018,173,"CA",8
2023,174,"TX",49
2021,175,"Remote",15
2020,176,"CA",27
2022,177,"CA",16
2018,178,"CA",34
2020,179,"FL",29
2022,180,"TX",32
2022,181,"NY",40
2020,182,"CA",18
2019,183,"CA",22
2022,184,"FL",33
2021,185,"FL",24
2020,186,"FL",31
2021,187,"CA",37
2024,188,"NY",14
2023,189,"CA",10
2018,190,"FL",5
2018,191,"FL",35
2019,192,"TX",2
2018,193,"FL",49
2019,194,"NY",24
2019,195,"CA",49
2020,196,"FL",33
2018,197,"NY",33
2021,198,"NY",17
2022,199,"FL",26
2023,200,"Remote",30
2020,201,"NY",42
2021,202,"FL",24
2019,203,"Remote",30
2021,204,"TX",23
2019,205,"FL",17
2019,206,"Remote",26
2019,207,"Remote",45
2019,208,"NY",17
2019,209,"TX",22
2020,210,"NY",41
2024,211,"FL",10
2019,212,"NY",29
2020,213,"CA",28
2020,214,"CA",16
2022,215,"CA",34
2022,216,"Remote",15
2019,217,"NY",45
2022,218,"NY",17
2018,219,"Remote",15
2019,220,"Remote",14
2018,221,"Remote",20
2018,222,"CA",10
2023,223,"FL",29
2022,224,"CA",1
2022,225,"FL",30
2022,226,"FL",38
2023,227,"NY",27
2020,228,"Remote",38
2023,229,"TX",18
2022,230,"TX",9
2022,231,"Remote",22
2019,232,"CA",9
2024,233,"CA",0
2019,234,"Remote",49
2021,235,"TX",37
2021,236,"CA",16
2019,237,"TX",23
2020,238,"CA",2
2019,239,"FL",19
2019,240,"NY",39
2020,241,"Remote",13
2021,242,"Remote",30
2022,243,"Remote",24
2019,244,"CA",17
2019,245,"TX",48
2020,246,"TX",39
2019,247,"NY",14
2021,248,"CA",46
2018,249,"FL",0
2021,250,"Remote",22
2018,251,"FL",28
2018,252,"TX",49
2023,253,"FL",20
2019,254,"Remote",3
2024,255,"NY",18
2023,256,"Remote",40
2022,257,"FL",45
2018,258,"FL",13
2023,259,"CA",47
2020,260,"Remote",0
2019,261,"CA",4
2018,262,"FL",46
2023,263,"FL",15
2022,264,"TX",23
2019,265,"Remote",33
2022,266,"FL",8
2022,267,"CA",33
2022,268,"TX",5
2022,269,"CA",48
2020,270,"TX",10
2023,271,"NY",40
2020,272,"FL",4
2023,273,"CA",4
2024,274,"CA",46
2023,275,"NY",40
2020,276,"FL",1
2019,277,"CA",41
2023,278,"CA",44
2022,279,"NY",4
2018,280,"TX",18
2019,281,"Remote",13
2018,282,"FL",32
2023,283,"Remote",13
2020,284,"FL",6
2021,285,"FL",4
2022,286,"CA",47
2019,287,"FL",28
2024,288,"NY",44
2020,289,"CA",10
2019,290,"TX",9
2019,291,"TX",36
2020,292,"NY",38
2020,293,"NY",20
2023,294,"CA",16
2021,295,"NY",0
2019,296,"FL",39
2021,297,"NY",40
2024,298,"FL",43
2023,299,"FL",6
2021,300,"Remote",25
2021,301,"TX",24
2020,302,"NY",25
2024,303,"NY",32
2023,304,"FL",9
2020,305,"NY",34
2024,306,"Remote",4
2024,307,"TX",9
2023,308,"FL",42
2023,309,"TX",16
2020,310,"TX",12
2021,311,"TX",30
2022,312,"FL",42
2019,313,"NY",46
2022,314,"TX",1
2023,315,"FL",50
2020,316,"FL",42
2020,317,"FL",9
2021,318,"NY",21
2019,319,"Remote",16
2024,320,"TX",24
2022,321,"NY",25
2021,322,"NY",4
2021,323,"FL",32
2018,324,"CA",24
2020,325,"CA",4
2022,326,"NY",25
2018,327,"FL",31
2024,328,"TX",34
2020,329,"Remote",44
2020,330,"TX",25
2018,331,"CA",6
2024,332,"FL",21
2021,333,"TX",44
2018,334,"CA",47
2022,335,"CA",12
2018,336,"FL",49
2019,337,"CA",11
2024,338,"CA",44
2024,339,"Remote",17
2022,340,"NY",38
2018,341,"TX",50
2024,342,"Remote",41
2019,343,"CA",34
2022,344,"TX",21
2018,345,"Remote",44
2023,346,"Remote",43
2018,347,"TX",48
2018,348,"Remote",4
2023,349,"NY",48
2021,350,"FL",45
2020,351,"TX",24
2024,352,"FL",50
2019,353,"Remote",8
2022,354,"Remote",24
2022,355,"FL",6
2022,356,"TX",3
2018,357,"NY",26
2019,358,"FL",13
2022,359,"NY",26
2022,360,"FL",12
2024,361,"Remote",5
2022,362,"TX",46
2019,363,"NY",17
2019,364,"Remote",43
2018,365,"NY",31
2024,366,"CA",49
2022,367,"CA",28
2020,368,"NY",17
2021,369,"Remote",36
2021,370,"TX",9
2019,371,"Remote",4
2024,372,"CA",12
2022,373,"CA",45
2021,374,"NY",20
2019,375,"NY",31
2019,376,"NY",10
2024,377,"CA",42
2018,378,"Remote",44
2022,379,"Remote",43
2019,380,"CA",50
2022,381,"Remote",14
2022,382,"CA",28
2021,383,"TX",7
2018,384,"TX",0
2023,385,"TX",38
2021,386,"TX",0
2024,387,"FL",21
2021,388,"TX",39
2020,389,"Remote",13
2022,390,"CA",15
2018,391,"CA",4
2019,392,"Remote",21
2024,393,"FL",31
2022,394,"NY",20
2019,395,"CA",25
2024,396,"CA",35
2019,397,"Remote",50
2021,398,"Remote",2
2021,399,"TX",46
2022,400,"FL",28
2018,401,"Remote",32
2021,402,"FL",47
2018,403,"TX",2
2020,404,"TX",48
2023,405,"TX",1
2022,406,"TX",7
2019,407,"CA",24
2023,408,"FL",2
2021,409,"NY",28
2022,410,"FL",32
2023,411,"NY",39
2018,412,"NY",37
2018,413,"Remote",0
2023,414,"TX",5
2021,415,"NY",16
2022,416,"FL",30
2023,417,"Remote",45
2022,418,"CA",24
2023,419,"TX",25
2020,420,"CA",24
2019,421,"CA",48
2020,422,"TX",50
2019,423,"Remote",37
2022,424,"CA",2
2020,425,"FL",24
2020,426,"Remote",28
2019,427,"TX",21
2023,428,"CA",25
2020,429,"TX",13
2019,430,"CA",25
2024,431,"CA",3
2020,432,"FL",16
2023,433,"FL",17
2023,434,"NY",2
2021,435,"Remote",4
2018,436,"FL",33
2024,437,"CA",13
2021,438,"NY",38
2024,439,"Remote",20
2021,440,"CA",22
2022,441,"FL",30
2021,442,"TX",3
2022,443,"CA",18
2024,444,"FL",24
2024,445,"TX",0
2018,446,"NY",31
2019,447,"NY",48
2024,448,"CA",21
2022,449,"CA",31
2022,450,"CA",38
2019,451,"NY",8
2024,452,"TX",36
2021,453,"FL",46
2022,454,"Remote",18
2020,455,"FL",29
2024,456,"FL",34
2023,457,"NY",18
2018,458,"TX",19
2023,459,"NY",18
2018,460,"FL",2
2024,461,"Remote",30
2018,462,"NY",16
2023,463,"Remote",46
2023,464,"NY",9
2021,465,"NY",33
2020,466,"TX",0
2022,467,"TX",50
2021,468,"CA",46
2021,469,"NY",42
2022,470,"TX",8
2021,471,"Remote",29
2021,472,"TX",42
2024,473,"NY",4
2024,474,"Remote",3
2020,475,"Remote",35
2023,476,"FL",36
2021,477,"Remote",2
2023,478,"Remote",32
2018,479,"FL",28
2024,480,"TX",44
2023,481,"TX",43
2021,482,"TX",42
2024,483,"NY",8
2020,484,"NY",31
2023,485,"CA",39
2023,486,"FL",28
2021,487,"TX",18
2022,488,"FL",40
2024,489,"TX",21
2019,490,"Remote",19
2021,491,"CA",17
2024,492,"NY",22
2021,493,"CA",33
2022,494,"FL",40
2022,495,"Remote",30
2021,496,"Remote",34
2023,497,"TX",15
2024,498,"TX",11
2023,499,"NY",32
2022,500,"Remote",7
2021,501,"Remote",5
2023,502,"Remote",22
2022,503,"Remote",20
2021,504,"TX",3
2024,505,"CA",48
2022,506,"NY",45
2019,507,"Remote",9
2023,508,"TX",35
2024,509,"TX",14
2022,510,"TX",33
2018,511,"NY",33
2020,512,"Remote",36
2023,513,"CA",17
2020,514,"Remote",49
2024,515,"TX",10
2019,516,"FL",19
2021,517,"TX",34
2021,518,"Remote",37
2024,519,"TX",0
2022,520,"FL",32
2021,521,"NY",32
2024,522,"TX",7
2019,523,"CA",25
2024,524,"NY",37
2019,525,"NY",31
2021,526,"NY",41
2018,527,"CA",27
2020,528,"CA",33
2020,529,"FL",36
2021,530,"FL",36
2019,531,"CA",36
2019,532,"Remote",44
2023,533,"CA",18
2022,534,"CA",35
2022,535,"FL",50
2020,536,"CA",3
2023,537,"NY",50
2018,538,"FL",41
2020,539,"NY",19
2024,540,"FL",34
2018,541,"CA",49
2020,542,"TX",22
2021,543,"TX",24
2019,544,"TX",50
2019,545,"FL",37
2018,546,"TX",42
2024,547,"NY",22
2018,548,"NY",13
2024,549,"Remote",39
2018,550,"TX",32
2019,551,"Remote",34
2023,552,"CA",8
2024,553,"CA",3
2019,554,"TX",45
2024,555,"FL",30
2020,556,"NY",38
2024,557,"CA",27
2018,558,"Remote",3
2021,559,"Remote",50
2023,560,"FL",31
2021,561,"Remote",10
2019,562,"Remote",33
2022,563,"TX",50
2022,564,"NY",29
2018,565,"Remote",33
2020,566,"TX",23
2024,567,"Remote",28
2024,568,"Remote",10
2019,569,"FL",24
2018,570,"Remote",39
2020,571,"TX",47
2023,572,"NY",43
2023,573,"FL",45
2021,574,"Remote",35
2019,575,"TX",50
2020,576,"NY",5
2023,577,"TX",38
2020,578,"NY",15
2024,579,"TX",30
2022,580,"TX",12
2024,581,"CA",25
2021,582,"FL",32
2019,583,"Remote",2
2024,584,"TX",13
2020,585,"Remote",32
2020,586,"FL",18
2021,587,"CA",45
2018,588,"Remote",16
2024,589,"FL",41
2020,590,"Remote",36
2018,591,"FL",37
2020,592,"NY",32
2021,593,"FL",30
2019,594,"CA",26
2023,595,"FL",34
2018,596,"CA",12
2024,597,"FL",50
2021,598,"FL",10
2018,599,"TX",0
2022,600,"NY",28
2022,601,"Remote",33
2019,602,"NY",3
2023,603,"Remote",42
2018,604,"TX",41
2022,605,"TX",8
2023,606,"Remote",43
2022,607,"CA",17
2018,608,"TX",22
2021,609,"NY",42
2024,610,"FL",20
2021,611,"CA",35
2023,612,"FL",43
2022,613,"TX",5
2024,614,"CA",23
2021,615,"NY",45
2022,616,"CA",21
2022,617,"FL",2
2023,618,"Remote",1
2019,619,"CA",23
2020,620,"TX",34
2022,621,"CA",47
2020,622,"CA",41
2023,623,"Remote",2
2019,624,"CA",17
2024,625,"TX",41
2019,626,"TX",19
2023,627,"TX",48
2021,628,"FL",48
2024,629,"CA",25
2020,630,"CA",48
2019,631,"TX",6
2018,632,"CA",41
2020,633,"TX",6
2020,634,"TX",21
2018,635,"FL",14
2018,636,"FL",46
2021,637,"FL",19
2021,638,"Remote",2
2024,639,"CA",16
2021,640,"TX",1
2024,641,"NY",43
2020,642,"CA",32
2020,643,"FL",23
2024,644,"FL",21
2024,645,"FL",14
2024,646,"FL",48
2019,647,"TX",50
2022,648,"CA",47
2024,649,"NY",5
2024,650,"NY",3
2019,651,"CA",38
2020,652,"FL",6
2021,653,"Remote",26
2024,654,"TX",12
2022,655,"FL",6
2019,656,"Remote",37
2021,657,"TX",20
2023,658,"NY",47
2019,659,"TX",2
2022,660,"TX",45
2020,661,"FL",15
2022,662,"CA",11
2018,663,"NY",50
2019,664,"TX",48
2022,665,"CA",48
2022,666,"CA",5
2024,667,"FL",40
2024,668,"NY",49
2024,669,"FL",30
2022,670,"CA",12
2022,671,"TX",43
2023,672,"Remote",40
2021,673,"CA",20
2023,674,"FL",1
2019,675,"Remote",46
2024,676,"TX",43
2023,677,"NY",35
2021,678,"Remote",24
2023,679,"NY",40
2019,680,"NY",3
2024,681,"CA",10
2020,682,"NY",23
2018,683,"CA",49
2021,684,"CA",14
2019,685,"FL",12
2020,686,"Remote",44
2022,687,"FL",32
2024,688,"CA",10
2020,689,"FL",3
2020,690,"CA",20
2019,691,"TX",10
2024,692,"FL",33
2024,693,"FL",47
2020,694,"NY",35
2023,695,"CA",39
2019,696,"FL",47
2020,697,"Remote",1
2022,698,"Remote",22
2022,699,"TX",36
2024,700,"FL",17
2021,701,"FL",25
2023,702,"NY",33
2020,703,"TX",18
2022,704,"NY",19
2023,705,"CA",3
2020,706,"Remote",5
2023,707,"Remote",18
2023,708,"Remote",48
2023,709,"NY",20
2018,710,"FL",0
2018,711,"FL",50
2019,712,"FL",25
2021,713,"CA",28
2019,714,"TX",49
2023,715,"CA",9
2024,716,"FL",0
2021,717,"Remote",26
2024,718,"FL",35
2018,719,"NY",49
2021,720,"CA",35
2020,721,"Remote",39
2018,722,"CA",6
2022,723,"Remote",42
2023,724,"FL",13
2024,725,"Remote",42
2020,726,"FL",10
2020,727,"FL",32
2018,728,"Remote",45
2019,729,"TX",19
2021,730,"NY",30
2020,731,"TX",26
2021,732,"FL",46
2020,733,"NY",8
2018,734,"FL",44
2024,735,"NY",17
2018,736,"TX",1
2021,737,"TX",32
2018,738,"Remote",47
2021,739,"CA",28
2019,740,"TX",5
2022,741,"Remote",14
2020,742,"TX",16
2018,743,"TX",45
2023,744,"TX",43
2023,745,"CA",39
2019,746,"NY",14
2020,747,"CA",9
2018,748,"CA",43
2018,749,"NY",5
2024,750,"Remote",15
2021,751,"Remote",5
2020,752,"CA",25
2020,753,"FL",9
2019,754,"CA",13
2023,755,"NY",18
2023,756,"CA",1
2021,757,"Remote",41
2018,758,"Remote",33
2019,759,"CA",38
2023,760,"Remote",10
2022,761,"Remote",1
2021,762,"CA",45
2019,763,"TX",42
2018,764,"NY",6
2023,765,"CA",31
2021,766,"Remote",9
2021,767,"Remote",38
2021,768,"Remote",41
2019,769,"TX",20
2018,770,"FL",48
2019,771,"Remote",11
2021,772,"NY",9
2021,773,"TX",15
2022,774,"NY",4
2019,775,"NY",32
2019,776,"Remote",9
2023,777,"Remote",3
2018,778,"TX",37
2020,779,"CA",6
2021,780,"FL",10
2023,781,"TX",26
2024,782,"Remote",8
2021,783,"NY",15
2021,784,"TX",11
2024,785,"CA",40
2019,786,"TX",38
2024,787,"CA",20
2024,788,"CA",32
2021,789,"FL",30
2024,790,"NY",13
2020,791,"FL",46
2019,792,"CA",44
2019,793,"FL",4
2019,794,"CA",49
2022,795,"TX",2
2024,796,"NY",19
2023,797,"Remote",26
2020,798,"TX",39
2021,799,"CA",37
2024,800,"Remote",23
2018,801,"Remote",43
2022,802,"FL",9
2023,803,"CA",45
2020,804,"CA",41
2019,805,"FL",40
2020,806,"FL",2
2020,807,"CA",48
2021,808,"Remote",45
2022,809,"FL",3
2019,810,"Remote",37
2020,811,"CA",6
2018,812,"TX",29
2024,813,"Remote",37
2020,814,"TX",31
2020,815,"FL",33
2020,816,"CA",12
2018,817,"NY",17
2020,818,"NY",11
2024,819,"FL",12
2024,820,"Remote",46
2020,821,"TX",16
2019,822,"FL",27
2024,823,"CA",49
2019,824,"NY",7
2023,825,"Remote",32
2024,826,"TX",46
2018,827,"TX",22
2019,828,"Remote",40
2018,829,"CA",0
2024,830,"Remote",25
2018,831,"FL",19
2023,832,"FL",22
2021,833,"Remote",48
2018,834,"FL",48
2019,835,"TX",16
2022,836,"TX",10
2023,837,"FL",43
2020,838,"TX",40
2021,839,"TX",8
2023,840,"CA",40
2023,841,"FL",18
2023,842,"Remote",46
2018,843,"NY",2
2023,844,"Remote",7
2020,845,"TX",41
2023,846,"CA",37
2020,847,"CA",4
2021,848,"CA",44
2021,849,"Remote",32
2024,850,"TX",0
2023,851,"FL",30
2018,852,"TX",4
2020,853,"NY",9
2019,854,"FL",14
2021,855,"NY",4
2024,856,"Remote",45
2022,857,"CA",18
2023,858,"CA",43
2023,859,"CA",18
2022,860,"CA",19
2022,861,"TX",0
2021,862,"NY",37
2024,863,"FL",14
2018,864,"TX",24
2020,865,"NY",44
2023,866,"TX",4
2019,867,"FL",28
2019,868,"FL",28
2023,869,"TX",3
2024,870,"NY",1
2019,871,"FL",40
2020,872,"CA",18
2021,873,"NY",20
2019,874,"TX",9
2024,875,"Remote",8
2021,876,"Remote",6
2020,877,"TX",6
2019,878,"FL",25
2021,879,"Remote",14
2022,880,"CA",5
2019,881,"FL",13
2022,882,"Remote",4
2024,883,"CA",25
2018,884,"TX",9
2019,885,"FL",25
2023,886,"TX",7
2021,887,"CA",37
2018,888,"TX",14
2022,889,"NY",23
2024,890,"TX",44
2024,891,"CA",50
2018,892,"FL",50
2020,893,"FL",29
2023,894,"TX",9
2021,895,"Remote",34
2020,896,"CA",43
2022,897,"FL",10
2020,898,"Remote",36
2019,899,"TX",23
2022,900,"FL",12
2022,901,"CA",43
2019,902,"TX",5
2018,903,"Remote",4
2023,904,"Remote",15
2023,905,"CA",37
2020,906,"CA",22
2021,907,"CA",12
2024,908,"FL",15
2020,909,"TX",43
2020,910,"Remote",34
2018,911,"TX",31
2024,912,"CA",17
2020,913,"NY",40
2022,914,"FL",48
2020,915,"TX",39
2019,916,"TX",35
2019,917,"Remote",28
2018,918,"FL",27
2022,919,"FL",40
2018,920,"Remote",49
2021,921,"FL",31
2023,922,"TX",36
2020,923,"TX",35
2023,924,"NY",30
2024,925,"FL",32
2019,926,"NY",9
2018,927,"Remote",33
2023,928,"Remote",23
2018,929,"Remote",8
2019,930,"NY",25
2020,931,"CA",0
2018,932,"FL",43
2019,933,"NY",49
2021,934,"TX",47
2020,935,"TX",32
2022,936,"NY",7
2023,937,"FL",4
2021,938,"FL",43
2023,939,"FL",44
2020,940,"FL",32
2018,941,"Remote",32
2021,942,"FL",2
2020,943,"NY",30
2020,944,"Remote",26
2024,945,"FL",25
2022,946,"Remote",18
2022,947,"CA",28
2018,948,"Remote",15
2021,949,"CA",4
2023,950,"NY",22
2020,951,"TX",0
2021,952,"FL",42
2024,953,"CA",42
2021,954,"FL",11
2023,955,"Remote",49
2018,956,"CA",5
2020,957,"CA",1
2019,958,"FL",36
2019,959,"NY",0
2024,960,"CA",49
2022,961,"NY",19
2021,962,"CA",45
2024,963,"CA",33
2024,964,"Remote",15
2022,965,"Remote",15
2022,966,"CA",6
2020,967,"NY",19
2023,968,"TX",8
2021,969,"CA",25
2024,970,"Remote",23
2020,971,"TX",30
2022,972,"FL",20
2024,973,"FL",33
2020,974,"FL",45
2021,975,"TX",29
2019,976,"NY",34
2023,977,"Remote",34
2021,978,"CA",16
2021,979,"Remote",30
2018,980,"NY",12
2020,981,"Remote",37
2021,982,"CA",18
2020,983,"CA",26
2018,984,"Remote",5
2021,985,"Remote",49
2023,986,"Remote",31
2018,987,"Remote",21
2024,988,"Remote",33
2022,989,"NY",39
2022,990,"NY",23
2024,991,"FL",15
2023,992,"TX",19
2024,993,"Remote",25
2024,994,"CA",30
2020,995,"TX",45
2024,996,"TX",19
2019,997,"CA",3
2018,998,"TX",16
2021,999,"TX",3
2023,1000,"FL",23
2023,1001,"TX",45
2018,1002,"TX",37
2024,1003,"CA",18
2023,1004,"FL",12
2023,1005,"Remote",0
2018,1006,"Remote",43
2019,1007,"NY",38
2020,1008,"FL",7
2021,1009,"CA",43
2018,1010,"NY",7
2022,1011,"Remote",16
2022,1012,"CA",9
2020,1013,"FL",49
2018,1014,"NY",8
2020,1015,"FL",13
2021,1016,"CA",35
2023,1017,"Remote",19
2019,1018,"NY",27
2021,1019,"TX",8
2023,1020,"NY",40
2024,1021,"NY",50
2022,1022,"TX",0
2019,1023,"FL",40
2023,1024,"Remote",17
2018,1025,"CA",19
2021,1026,"Remote",40
2020,1027,"TX",44
2021,1028,"NY",16
2021,1029,"TX",23
2022,1030,"CA",27
2021,1031,"FL",3
2022,1032,"CA",41
2020,1033,"TX",16
2024,1034,"FL",50
2020,1035,"NY",46
2020,1036,"Remote",19
2019,1037,"TX",17
2021,1038,"TX",46
2021,1039,"TX",29
2024,1040,"CA",24
2022,1041,"FL",38
2020,1042,"Remote",45
2023,1043,"CA",9
2018,1044,"TX",45
2020,1045,"TX",9
2018,1046,"Remote",26
2019,1047,"FL",13
2022,1048,"TX",19
2018,1049,"Remote",28
2021,1050,"TX",47
2022,1051,"NY",35
2024,1052,"FL",19
2019,1053,"CA",16
2018,1054,"FL",13
2018,1055,"CA",32
2022,1056,"Remote",42
2024,1057,"Remote",35
2019,1058,"Remote",46
2018,1059,"CA",29
2021,1060,"FL",31
2021,1061,"CA",46
2019,1062,"FL",23
2019,1063,"TX",7
2024,1064,"NY",22
2022,1065,"Remote",28
2022,1066,"CA",37
2018,1067,"FL",38
2023,1068,"CA",5
2024,1069,"TX",17
2022,1070,"CA",48
2023,1071,"NY",31
2021,1072,"Remote",48
2023,1073,"NY",38
2018,1074,"TX",0
2019,1075,"FL",32
2023,1076,"FL",22
2021,1077,"FL",2
2023,1078,"Remote",32
2020,1079,"FL",4
2018,1080,"FL",50
2024,1081,"Remote",28
2022,1082,"CA",35
2020,1083,"FL",31
2023,1084,"NY",44
2018,1085,"CA",34
2019,1086,"CA",33
2020,1087,"Remote",27
2022,1088,"NY",3
2023,1089,"TX",2
2023,1090,"Remote",49
2022,1091,"NY",48
2018,1092,"Remote",42
2019,1093,"TX",31
2020,1094,"FL",27
2020,1095,"Remote",23
2019,1096,"TX",24
2023,1097,"Remote",5
2019,1098,"NY",16
2019,1099,"CA",5
2019,1100,"CA",47
2024,1101,"TX",16
2019,1102,"Remote",19
2024,1103,"TX",41
2021,1104,"CA",36
2021,1105,"FL",21
2018,1106,"Remote",9
2022,1107,"CA",17
2020,1108,"CA",28
2020,1109,"TX",21
2020,1110,"NY",35
2023,1111,"NY",20
2019,1112,"NY",40
2020,1113,"CA",41
2020,1114,"NY",28
2021,1115,"CA",31
2021,1116,"Remote",19
2023,1117,"CA",34
2023,1118,"Remote",28
2020,1119,"CA",26
2024,1120,"FL",6
2020,1121,"FL",42
2019,1122,"Remote",2
2021,1123,"Remote",31
2019,1124,"NY",38
2021,1125,"TX",0
2024,1126,"Remote",46
2018,1127,"FL",41
2019,1128,"CA",20
2021,1129,"NY",16
2018,1130,"NY",39
2019,1131,"CA",29
2022,1132,"TX",0
2023,1133,"CA",20
2024,1134,"TX",46
2020,1135,"FL",10
2020,1136,"CA",3
2023,1137,"FL",0
2023,1138,"TX",3
2022,1139,"TX",38
2018,1140,"FL",18
2018,1141,"CA",4
2024,1142,"TX",48
2019,1143,"FL",23
2021,1144,"NY",42
2021,1145,"FL",47
2021,1146,"Remote",28
2022,1147,"FL",7
2021,1148,"Remote",49
2023,1149,"NY",21
2019,1150,"FL",18
2020,1151,"CA",1
2021,1152,"Remote",27
2021,1153,"NY",50
2019,1154,"CA",45
2022,1155,"FL",25
2019,1156,"Remote",29
2022,1157,"NY",49
2020,1158,"CA",24
2024,1159,"Remote",28
2018,1160,"NY",5
2022,1161,"FL",40
2022,1162,"Remote",6
2018,1163,"TX",39
2018,1164,"CA",0
2023,1165,"NY",14
2022,1166,"FL",49
2018,1167,"NY",15
2020,1168,"TX",24
2019,1169,"CA",46
2021,1170,"FL",7
2021,1171,"CA",30
2018,1172,"FL",1
2020,1173,"NY",39
2023,1174,"TX",11
2023,1175,"FL",5
2022,1176,"TX",25
2024,1177,"CA",12
2019,1178,"CA",1
2023,1179,"CA",23
2020,1180,"Remote",12
2018,1181,"NY",34
2020,1182,"TX",33
2021,1183,"Remote",22
2020,1184,"NY",19
2021,1185,"FL",3
2023,1186,"TX",33
2020,1187,"FL",18
2023,1188,"Remote",33
2024,1189,"TX",33
2023,1190,"Remote",18
2020,1191,"CA",32
2023,1192,"TX",36
2023,1193,"Remote",41
2022,1194,"Remote",20
2023,1195,"NY",36
2022,1196,"Remote",43
2022,1197,"FL",21
2024,1198,"TX",49
2023,1199,"Remote",33
2023,1200,"FL",46
2023,1201,"CA",44
2023,1202,"FL",6
2024,1203,"TX",16
2024,1204,"Remote",44
2020,1205,"TX",36
2019,1206,"FL",24
2024,1207,"FL",30
2019,1208,"FL",17
2018,1209,"FL",15
2020,1210,"Remote",39
2018,1211,"CA",7
2022,1212,"Remote",35
2023,1213,"FL",9
2022,1214,"CA",13
2021,1215,"TX",46
2018,1216,"CA",34
2020,1217,"FL",32
2020,1218,"NY",4
2021,1219,"FL",22
2022,1220,"FL",9
2024,1221,"CA",31
2024,1222,"NY",21
2021,1223,"Remote",46
2024,1224,"NY",23
2018,1225,"Remote",4
2019,1226,"CA",26
2018,1227,"TX",42
2019,1228,"FL",19
2022,1229,"Remote",35
2019,1230,"Remote",43
2019,1231,"TX",49
2024,1232,"CA",41
2018,1233,"NY",16
2020,1234,"FL",44
2024,1235,"NY",34
2020,1236,"FL",16
2020,1237,"FL",4
2023,1238,"Remote",38
2021,1239,"TX",49
2021,1240,"CA",18
2018,1241,"CA",9
2022,1242,"Remote",1
2018,1243,"Remote",30
2022,1244,"NY",12
2019,1245,"CA",32
2024,1246,"CA",23
2018,1247,"NY",13
2022,1248,"NY",1
2023,1249,"CA",36
2018,1250,"NY",43
2022,1251,"CA",23
2023,1252,"FL",45
2021,1253,"NY",7
2021,1254,"NY",7
2019,1255,"CA",40
2022,1256,"NY",47
2019,1257,"Remote",24
2024,1258,"FL",5
2019,1259,"Remote",30
2021,1260,"NY",29
2021,1261,"FL",29
2019,1262,"NY",24
2021,1263,"NY",33
2021,1264,"FL",9
2024,1265,"NY",47
2022,1266,"NY",49
2023,1267,"FL",27
2024,1268,"CA",39
2021,1269,"Remote",38
2018,1270,"CA",19
2019,1271,"FL",27
2021,1272,"CA",32
2020,1273,"NY",40
2021,1274,"FL",24
2022,1275,"FL",16
2018,1276,"TX",0
2019,1277,"TX",29
2024,1278,"Remote",7
2021,1279,"NY",16
2021,1280,"FL",29
2020,1281,"NY",19
2023,1282,"NY",45
2019,1283,"CA",48
2018,1284,"TX",30
2020,1285,"CA",49
2019,1286,"NY",1
2020,1287,"FL",7
2022,1288,"CA",33
2019,1289,"TX",40
2021,1290,"Remote",41
2021,1291,"FL",39
2024,1292,"FL",24
2019,1293,"CA",32
2022,1294,"CA",16
2019,1295,"Remote",3
2024,1296,"CA",18
2023,1297,"CA",29
2022,1298,"TX",45
2024,1299,"NY",28
2019,1300,"FL",24
2019,1301,"FL",48
2021,1302,"NY",24
2018,1303,"FL",23
2024,1304,"FL",41
2018,1305,"NY",23
2020,1306,"Remote",29
2022,1307,"FL",28
2023,1308,"Remote",35
2022,1309,"FL",7
2021,1310,"NY",47
2020,1311,"TX",49
2022,1312,"Remote",19
2024,1313,"FL",28
2019,1314,"FL",24
2021,1315,"TX",26
2021,1316,"NY",47
2024,1317,"CA",22
2018,1318,"NY",40
2021,1319,"NY",16
2021,1320,"NY",21
2020,1321,"TX",13
2021,1322,"NY",37
2021,1323,"FL",32
2018,1324,"NY",1
2023,1325,"CA",27
2019,1326,"TX",36
2023,1327,"CA",42
2019,1328,"Remote",15
2021,1329,"NY",20
2022,1330,"NY",24
2022,1331,"CA",19
2019,1332,"CA",20
2022,1333,"FL",19
2019,1334,"CA",12
2018,1335,"FL",24
2019,1336,"FL",17
2024,1337,"Remote",13
2018,1338,"CA",41
2018,1339,"Remote",38
2021,1340,"TX",48
2022,1341,"FL",12
2022,1342,"FL",4
2021,1343,"FL",27
2022,1344,"Remote",47
2020,1345,"NY",46
2022,1346,"Remote",20
2023,1347,"NY",24
2020,1348,"FL",22
2021,1349,"FL",47
2020,1350,"NY",12
2022,1351,"Remote",50
2022,1352,"FL",8
2024,1353,"TX",45
2024,1354,"Remote",47
2022,1355,"CA",44
2022,1356,"TX",9
2020,1357,"Remote",5
2018,1358,"NY",7
2023,1359,"NY",44
2021,1360,"CA",25
2024,1361,"CA",50
2018,1362,"Remote",31
2019,1363,"FL",9
2019,1364,"Remote",31
2020,1365,"FL",14
2018,1366,"CA",21
2018,1367,"FL",7
2019,1368,"NY",16
2019,1369,"TX",24
2022,1370,"NY",8
2018,1371,"CA",25
2018,1372,"TX",8
2022,1373,"Remote",22
2018,1374,"NY",18
2024,1375,"TX",37
2023,1376,"NY",31
2023,1377,"FL",36
2018,1378,"CA",20
2018,1379,"CA",22
2020,1380,"CA",0
2020,1381,"FL",0
2019,1382,"NY",48
2021,1383,"Remote",8
2022,1384,"NY",22
2019,1385,"CA",32
2022,1386,"NY",43
2024,1387,"FL",27
2021,1388,"NY",17
2024,1389,"TX",14
2022,1390,"FL",1
2018,1391,"Remote",32
2019,1392,"TX",22
2019,1393,"CA",38
2018,1394,"TX",45
2021,1395,"TX",13
2022,1396,"CA",32
2018,1397,"Remote",37
2023,1398,"TX",2
2020,1399,"TX",10
2022,1400,"CA",24
2021,1401,"NY",12
2023,1402,"TX",46
2024,1403,"NY",10
2023,1404,"FL",29
2024,1405,"CA",23
2020,1406,"FL",48
2019,1407,"FL",22
2023,1408,"Remote",42
2018,1409,"FL",19
2024,1410,"FL",16
2018,1411,"NY",24
2018,1412,"TX",43
2023,1413,"CA",11
2020,1414,"CA",2
2018,1415,"NY",29
2023,1416,"TX",29
2024,1417,"NY",35
2019,1418,"NY",44
2021,1419,"FL",9
2019,1420,"TX",20
2020,1421,"FL",49
2024,1422,"Remote",16
2021,1423,"TX",2
2019,1424,"Remote",24
2022,1425,"TX",26
2024,1426,"NY",41
2019,1427,"CA",8
2024,1428,"FL",19
2020,1429,"CA",4
2022,1430,"FL",28
2022,1431,"CA",22
2021,1432,"Remote",49
2019,1433,"TX",29
2022,1434,"TX",24
2022,1435,"Remote",45
2018,1436,"Remote",8
2021,1437,"Remote",44
2024,1438,"Remote",3
2018,1439,"CA",2
2019,1440,"NY",25
2023,1441,"TX",46
2023,1442,"Remote",18
2023,1443,"CA",32
2023,1444,"NY",41
2018,1445,"CA",9
2018,1446,"Remote",22
2019,1447,"Remote",9
2018,1448,"FL",49
2022,1449,"FL",16
2020,1450,"CA",49
2019,1451,"TX",22
2024,1452,"FL",2
2018,1453,"Remote",11
2020,1454,"NY",30
2020,1455,"NY",49
2020,1456,"Remote",0
2023,1457,"FL",46
2019,1458,"CA",13
2024,1459,"TX",33
2021,1460,"Remote",13
2023,1461,"FL",39
2023,1462,"NY",42
2020,1463,"TX",1
2018,1464,"CA",43
2024,1465,"CA",31
2023,1466,"TX",38
2021,1467,"Remote",12
2020,1468,"CA",45
2018,1469,"FL",43
2020,1470,"FL",16
2020,1471,"FL",41
2019,1472,"TX",0
2024,1473,"Remote",46
2020,1474,"Remote",15
2020,1475,"FL",1
2020,1476,"FL",16
2021,1477,"Remote",45
2022,1478,"TX",36
2022,1479,"CA",25
2020,1480,"TX",48
2022,1481,"NY",14
2020,1482,"NY",21
2022,1483,"FL",11
2019,1484,"Remote",15
2020,1485,"NY",39
2018,1486,"Remote",12
2022,1487,"NY",12
2019,1488,"Remote",22
2022,1489,"FL",28
2019,1490,"FL",6
2024,1491,"FL",29
2019,1492,"NY",1
2020,1493,"NY",38
2019,1494,"CA",39
2024,1495,"NY",38
2021,1496,"Remote",46
2024,1497,"Remote",36
2021,1498,"TX",15
2023,1499,"TX",8
2018,1500,"TX",49
2021,1501,"FL",14
2024,1502,"Remote",4
2023,1503,"CA",4
2022,1504,"Remote",25
2019,1505,"Remote",36
2018,1506,"NY",43
2022,1507,"FL",39
2018,1508,"TX",48
2019,1509,"FL",50
2018,1510,"NY",27
2023,1511,"FL",42
2022,1512,"FL",15
2023,1513,"FL",50
2024,1514,"FL",0
2021,1515,"FL",21
2021,1516,"Remote",20
2019,1517,"NY",5
2022,1518,"Remote",19
2023,1519,"NY",22
2021,1520,"NY",5
2023,1521,"CA",29
2021,1522,"TX",43
2019,1523,"NY",13
2023,1524,"Remote",46
2020,1525,"NY",27
2020,1526,"CA",44
2019,1527,"CA",28
2021,1528,"CA",48
2019,1529,"Remote",1
2019,1530,"NY",31
2018,1531,"FL",7
2024,1532,"TX",20
2019,1533,"Remote",39
2019,1534,"NY",11
2019,1535,"FL",5
2020,1536,"FL",47
2018,1537,"CA",45
2021,1538,"Remote",37
2022,1539,"TX",48
2024,1540,"FL",5
2022,1541,"NY",24
2023,1542,"NY",13
2019,1543,"CA",45
2022,1544,"CA",1
2019,1545,"Remote",49
2022,1546,"TX",21
2019,1547,"NY",26
2024,1548,"Remote",31
2022,1549,"TX",11
2019,1550,"CA",19
2021,1551,"NY",28
2020,1552,"Remote",18
2023,1553,"TX",36
2021,1554,"CA",29
2021,1555,"Remote",48
2020,1556,"FL",13
2023,1557,"TX",43
2018,1558,"TX",45
2018,1559,"NY",35
2018,1560,"NY",40
2024,1561,"CA",48
2024,1562,"FL",8
2019,1563,"NY",45
2020,1564,"CA",35
2022,1565,"CA",47
2020,1566,"CA",37
2022,1567,"FL",25
2020,1568,"FL",38
2022,1569,"CA",0
2018,1570,"FL",11
2022,1571,"FL",41
2020,1572,"Remote",42
2019,1573,"Remote",23
2020,1574,"TX",31
2018,1575,"FL",35
2019,1576,"TX",20
2021,1577,"FL",25
2019,1578,"TX",21
2022,1579,"CA",26
2023,1580,"Remote",32
2023,1581,"Remote",19
2024,1582,"Remote",17
2023,1583,"CA",13
2023,1584,"Remote",24
2021,1585,"FL",31
2024,1586,"TX",26
2018,1587,"TX",48
2021,1588,"Remote",12
2021,1589,"NY",42
2023,1590,"TX",46
2018,1591,"NY",43
2018,1592,"CA",9
2022,1593,"FL",18
2021,1594,"CA",29
2023,1595,"CA",21
2024,1596,"TX",34
2020,1597,"FL",1
2019,1598,"FL",33
2021,1599,"CA",0
2019,1600,"NY",47
2021,1601,"FL",25
2024,1602,"NY",39
2020,1603,"TX",41
2021,1604,"CA",5
2024,1605,"NY",11
2024,1606,"NY",9
2020,1607,"Remote",7
2019,1608,"FL",39
2019,1609,"NY",50
2022,1610,"Remote",43
2022,1611,"CA",14
2023,1612,"FL",38
2023,1613,"NY",13
2022,1614,"NY",33
2018,1615,"TX",37
2022,1616,"CA",15
2019,1617,"TX",31
2019,1618,"FL",20
2024,1619,"CA",48
2019,1620,"FL",19
2024,1621,"FL",7
2018,1622,"Remote",9
2020,1623,"CA",49
2020,1624,"TX",2
2023,1625,"CA",28
2021,1626,"CA",9
2022,1627,"Remote",43
2021,1628,"CA",50
2021,1629,"CA",23
2022,1630,"Remote",13
2021,1631,"Remote",12
2024,1632,"FL",31
2023,1633,"NY",7
2021,1634,"FL",16
2023,1635,"NY",16
2020,1636,"Remote",5
2019,1637,"NY",35
2022,1638,"CA",10
2023,1639,"Remote",43
2020,1640,"NY",9
2024,1641,"CA",8
2024,1642,"TX",33
2018,1643,"NY",5
2020,1644,"TX",19
2024,1645,"Remote",39
2020,1646,"NY",14
2023,1647,"FL",11
2024,1648,"TX",7
2019,1649,"Remote",47
2024,1650,"CA",27
2021,1651,"NY",23
2021,1652,"NY",1
2022,1653,"TX",16
2023,1654,"TX",9
2018,1655,"TX",37
2024,1656,"Remote",9
2024,1657,"Remote",5
2019,1658,"Remote",40
2023,1659,"Remote",37
2023,1660,"Remote",8
2022,1661,"FL",46
2021,1662,"CA",28
2021,1663,"CA",24
2020,1664,"NY",33
2020,1665,"FL",34
2023,1666,"Remote",20
2018,1667,"NY",33
2024,1668,"Remote",31
2023,1669,"FL",15
2022,1670,"TX",22
2019,1671,"Remote",0
2018,1672,"FL",3
2021,1673,"Remote",16
2018,1674,"CA",8
2021,1675,"FL",11
2024,1676,"Remote",30
2021,1677,"FL",43
2018,1678,"CA",26
2019,1679,"Remote",45
2018,1680,"CA",49
2024,1681,"CA",42
2020,1682,"NY",5
2023,1683,"CA",5
2021,1684,"Remote",14
2024,1685,"TX",39
2018,1686,"Remote",40
2023,1687,"Remote",34
2018,1688,"NY",10
2019,1689,"FL",11
2022,1690,"CA",18
2020,1691,"FL",17
2021,1692,"FL",41
2021,1693,"CA",13
2022,1694,"NY",17
2021,1695,"TX",23
2018,1696,"Remote",8
2018,1697,"CA",34
2020,1698,"Remote",20
2020,1699,"CA",49
2023,1700,"FL",20
2019,1701,"NY",24
2024,1702,"FL",9
2022,1703,"Remote",33
2023,1704,"TX",16
2021,1705,"FL",22
2022,1706,"NY",18
2024,1707,"Remote",37
2024,1708,"FL",30
2020,1709,"Remote",32
2020,1710,"Remote",34
2021,1711,"NY",33
2021,1712,"NY",35
2018,1713,"FL",18
2019,1714,"NY",25
2023,1715,"CA",9
2024,1716,"FL",47
2020,1717,"FL",11
2023,1718,"TX",36
2018,1719,"CA",44
2020,1720,"CA",14
2023,1721,"TX",24
2023,1722,"CA",30
2018,1723,"TX",13
2023,1724,"CA",40
2019,1725,"CA",28
2020,1726,"CA",32
2020,1727,"FL",42
2018,1728,"FL",37
2018,1729,"Remote",17
2024,1730,"Remote",18
2019,1731,"CA",36
2021,1732,"Remote",25
2018,1733,"TX",31
2018,1734,"Remote",48
2018,1735,"Remote",41
2023,1736,"CA",3
2020,1737,"TX",35
2018,1738,"Remote",6
2018,1739,"FL",48
2022,1740,"FL",38
2018,1741,"TX",31
2024,1742,"Remote",37
2021,1743,"Remote",37
2020,1744,"FL",45
2022,1745,"Remote",34
2024,1746,"NY",10
2024,1747,"CA",12
2021,1748,"FL",7
2020,1749,"TX",36
2023,1750,"CA",38
2021,1751,"TX",15
2022,1752,"CA",27
2022,1753,"Remote",17
2023,1754,"Remote",27
2023,1755,"FL",11
2021,1756,"NY",33
2021,1757,"FL",19
2024,1758,"FL",34
2018,1759,"FL",4
2024,1760,"FL",4
2019,1761,"CA",46
2024,1762,"TX",41
2018,1763,"NY",45
2024,1764,"CA",5
2018,1765,"TX",21
2020,1766,"NY",20
2020,1767,"NY",9
2019,1768,"CA",44
2021,1769,"CA",10
2019,1770,"TX",21
2019,1771,"TX",26
2023,1772,"TX",5
2022,1773,"CA",49
2022,1774,"FL",17
2020,1775,"FL",6
2020,1776,"CA",34
2024,1777,"TX",16
2020,1778,"TX",44
2019,1779,"NY",27
2022,1780,"Remote",11
2018,1781,"NY",24
2023,1782,"TX",7
2024,1783,"TX",31
2018,1784,"FL",38
2018,1785,"FL",35
2020,1786,"Remote",38
2019,1787,"CA",32
2020,1788,"CA",21
2021,1789,"Remote",11
2020,1790,"CA",6
2018,1791,"NY",4
2022,1792,"FL",32
2018,1793,"FL",15
2018,1794,"CA",44
2024,1795,"Remote",10
2019,1796,"TX",4
2020,1797,"NY",30
2021,1798,"FL",35
2021,1799,"CA",2
2024,1800,"CA",44
2023,1801,"FL",41
2022,1802,"FL",48
2021,1803,"FL",37
2020,1804,"CA",36
2023,1805,"Remote",12
2020,1806,"Remote",23
2021,1807,"NY",15
2024,1808,"TX",33
2023,1809,"FL",35
2020,1810,"NY",15
2019,1811,"Remote",21
2018,1812,"Remote",26
2023,1813,"CA",19
2018,1814,"FL",43
2020,1815,"NY",49
2023,1816,"CA",21
2024,1817,"CA",40
2024,1818,"FL",23
2023,1819,"NY",16
2020,1820,"Remote",30
2023,1821,"FL",16
2018,1822,"Remote",10
2018,1823,"Remote",17
2024,1824,"FL",5
2021,1825,"TX",48
2018,1826,"FL",39
2024,1827,"Remote",10
2021,1828,"Remote",35
2018,1829,"FL",44
2022,1830,"TX",21
2023,1831,"NY",10
2018,1832,"NY",3
2023,1833,"FL",2
2020,1834,"FL",42
2018,1835,"NY",19
2021,1836,"CA",48
2021,1837,"TX",7
2020,1838,"Remote",0
2024,1839,"NY",38
2022,1840,"TX",21
2019,1841,"Remote",5
2021,1842,"FL",39
2022,1843,"Remote",3
2018,1844,"NY",3
2020,1845,"CA",42
2018,1846,"TX",3
2019,1847,"Remote",49
2022,1848,"CA",6
2024,1849,"Remote",37
2020,1850,"NY",7
2024,1851,"NY",6
2024,1852,"NY",0
2024,1853,"TX",9
2018,1854,"CA",0
2022,1855,"TX",16
2021,1856,"FL",14
2024,1857,"TX",45
2020,1858,"NY",50
2021,1859,"Remote",23
2023,1860,"FL",23
2024,1861,"Remote",1
2022,1862,"Remote",41
2020,1863,"CA",13
2024,1864,"TX",8
2019,1865,"Remote",31
2022,1866,"Remote",26
2022,1867,"Remote",11
2022,1868,"NY",32
2022,1869,"TX",5
2023,1870,"CA",13
2022,1871,"CA",40
2019,1872,"Remote",10
2023,1873,"CA",47
2021,1874,"FL",26
2022,1875,"TX",0
2022,1876,"TX",45
2018,1877,"Remote",39
2024,1878,"Remote",48
2021,1879,"CA",39
2023,1880,"NY",25
2023,1881,"FL",22
2022,1882,"Remote",40
2022,1883,"TX",9
2021,1884,"CA",21
2022,1885,"FL",1
2020,1886,"CA",28
2023,1887,"TX",29
2021,1888,"FL",18
2020,1889,"Remote",26
2019,1890,"TX",35
2024,1891,"TX",12
2018,1892,"FL",48
2022,1893,"FL",18
2023,1894,"CA",49
2023,1895,"FL",33
2022,1896,"FL",8
2024,1897,"TX",4
2021,1898,"NY",41
2019,1899,"NY",27
2019,1900,"NY",36
2019,1901,"TX",9
2024,1902,"CA",26
2019,1903,"Remote",7
2020,1904,"CA",45
2022,1905,"NY",5
2019,1906,"FL",29
2024,1907,"TX",8
2023,1908,"NY",26
2021,1909,"TX",14
2022,1910,"TX",48
2023,1911,"FL",26
2020,1912,"FL",23
2018,1913,"CA",49
2020,1914,"CA",33
2018,1915,"TX",14
2023,1916,"NY",50
2018,1917,"NY",22
2023,1918,"Remote",47
2024,1919,"Remote",41
2023,1920,"Remote",20
2021,1921,"TX",49
2023,1922,"FL",50
2019,1923,"Remote",44
2020,1924,"FL",22
2018,1925,"CA",26
2022,1926,"NY",23
2022,1927,"CA",49
2023,1928,"TX",48
2022,1929,"CA",6
2019,1930,"CA",2
2018,1931,"NY",37
2021,1932,"Remote",37
2019,1933,"NY",21
2019,1934,"Remote",49
2023,1935,"NY",41
2019,1936,"TX",38
2018,1937,"NY",31
2024,1938,"NY",5
2022,1939,"TX",6
2020,1940,"TX",20
2021,1941,"Remote",27
2024,1942,"FL",28
2021,1943,"NY",18
2023,1944,"Remote",32
2018,1945,"FL",13
2022,1946,"CA",42
2020,1947,"NY",40
2020,1948,"CA",16
2023,1949,"Remote",15
2019,1950,"Remote",47
2020,1951,"NY",21
2024,1952,"Remote",5
2020,1953,"TX",11
2022,1954,"TX",34
2018,1955,"CA",11
2022,1956,"NY",12
2022,1957,"TX",5
2024,1958,"TX",48
2020,1959,"NY",44
2021,1960,"FL",2
2022,1961,"TX",0
2020,1962,"FL",13
2021,1963,"Remote",46
2020,1964,"NY",34
2024,1965,"TX",19
2024,1966,"CA",34
2020,1967,"TX",29
2023,1968,"Remote",37
2021,1969,"FL",25
2024,1970,"NY",48
2023,1971,"FL",20
2022,1972,"FL",33
2024,1973,"Remote",17
2023,1974,"Remote",38
2024,1975,"FL",1
2022,1976,"CA",41
2019,1977,"FL",3
2021,1978,"NY",41
2022,1979,"TX",30
2023,1980,"TX",41
2021,1981,"Remote",15
2024,1982,"TX",0
2023,1983,"FL",31
2018,1984,"NY",16
2022,1985,"FL",34
2021,1986,"FL",30
2018,1987,"Remote",2
2021,1988,"FL",44
2020,1989,"TX",2
2023,1990,"Remote",45
2024,1991,"FL",11
2019,1992,"NY",37
2019,1993,"CA",14
2020,1994,"Remote",26
2018,1995,"FL",10
2018,1996,"Remote",14
2021,1997,"Remote",37
2023,1998,"NY",38
2020,1999,"CA",40
2019,2000,"CA",3
2019,2001,"FL",45
2023,2002,"Remote",18
2022,2003,"FL",47
2018,2004,"Remote",48
2023,2005,"Remote",29
2019,2006,"Remote",6
2019,2007,"NY",31
2019,2008,"CA",9
2019,2009,"FL",35
2019,2010,"NY",29
2020,2011,"CA",29
2020,2012,"TX",11
2024,2013,"FL",8
2023,2014,"Remote",50
2022,2015,"TX",13
2023,2016,"NY",9
2024,2017,"FL",29
2018,2018,"TX",15
2019,2019,"TX",40
2020,2020,"FL",18
2018,2021,"FL",28
2022,2022,"FL",24
2019,2023,"NY",7
2020,2024,"FL",7
2018,2025,"TX",32
2022,2026,"NY",9
2022,2027,"CA",21
2021,2028,"CA",10
2018,2029,"CA",28
2023,2030,"NY",4
2021,2031,"Remote",38
2020,2032,"FL",49
2020,2033,"CA",30
2023,2034,"Remote",4
2019,2035,"Remote",25
2022,2036,"TX",19
2021,2037,"NY",45
2022,2038,"NY",44
2019,2039,"FL",10
2020,2040,"Remote",48
2019,2041,"TX",36
2021,2042,"CA",11
2018,2043,"Remote",29
2020,2044,"CA",38
2019,2045,"TX",27
2019,2046,"CA",29
2023,2047,"TX",39
2023,2048,"Remote",28
2024,2049,"CA",7
2019,2050,"TX",15
2020,2051,"Remote",34
2020,2052,"CA",28
2022,2053,"FL",34
2022,2054,"NY",45
2022,2055,"FL",8
2023,2056,"Remote",5
2018,2057,"CA",6
2022,2058,"FL",25
2018,2059,"Remote",21
2023,2060,"FL",40
2018,2061,"Remote",14
2023,2062,"NY",35
2018,2063,"NY",6
2021,2064,"CA",22
2022,2065,"NY",38
2021,2066,"FL",21
2023,2067,"NY",23
2023,2068,"NY",33
2024,2069,"Remote",4
2020,2070,"FL",35
2021,2071,"NY",18
2020,2072,"TX",28
2024,2073,"TX",16
2018,2074,"NY",36
2018,2075,"NY",32
2019,2076,"CA",29
2018,2077,"FL",12
2020,2078,"NY",30
2019,2079,"TX",49
2018,2080,"NY",10
2018,2081,"FL",2
2024,2082,"TX",17
2023,2083,"TX",7
2020,2084,"Remote",16
2019,2085,"CA",14
2022,2086,"Remote",3
2020,2087,"TX",18
2022,2088,"CA",34
2020,2089,"TX",31
2023,2090,"Remote",37
2021,2091,"CA",33
2024,2092,"TX",12
2022,2093,"Remote",39
2023,2094,"Remote",37
2023,2095,"Remote",37
2023,2096,"FL",21
2022,2097,"CA",9
2020,2098,"CA",39
2019,2099,"TX",17
2021,2100,"FL",36
2023,2101,"FL",9
2019,2102,"CA",27
2023,2103,"Remote",43
2019,2104,"CA",49
2018,2105,"Remote",41
2020,2106,"FL",11
2020,2107,"Remote",32
2023,2108,"Remote",25
2023,2109,"FL",8
2019,2110,"TX",2
2021,2111,"TX",10
2022,2112,"CA",26
2018,2113,"Remote",11
2019,2114,"NY",10
2019,2115,"CA",49
2023,2116,"NY",46
2023,2117,"TX",48
2022,2118,"NY",42
2018,2119,"NY",2
2018,2120,"NY",27
2021,2121,"TX",12
2024,2122,"CA",27
2018,2123,"TX",14
2020,2124,"NY",16
2018,2125,"Remote",16
2024,2126,"TX",34
2024,2127,"TX",3
2018,2128,"TX",7
2018,2129,"NY",30
2024,2130,"Remote",6
2022,2131,"NY",27
2024,2132,"CA",29
2024,2133,"CA",46
2020,2134,"CA",20
2022,2135,"FL",23
2021,2136,"NY",26
2019,2137,"FL",10
2023,2138,"FL",23
2018,2139,"TX",13
2021,2140,"CA",38
2020,2141,"FL",43
2019,2142,"CA",25
2019,2143,"FL",41
2022,2144,"Remote",8
2019,2145,"CA",31
2023,2146,"FL",48
2020,2147,"Remote",37
2024,2148,"Remote",48
2024,2149,"NY",9
2023,2150,"TX",33
2019,2151,"FL",23
2022,2152,"FL",21
2021,2153,"NY",45
2019,2154,"CA",9
2023,2155,"TX",46
2020,2156,"Remote",46
2018,2157,"NY",22
2020,2158,"Remote",45
2023,2159,"NY",16
2018,2160,"CA",38
2018,2161,"TX",3
2022,2162,"Remote",26
2019,2163,"NY",44
2024,2164,"FL",49
2019,2165,"FL",44
2020,2166,"CA",46
2021,2167,"TX",31
2019,2168,"TX",11
2023,2169,"CA",25
2022,2170,"CA",16
2023,2171,"NY",50
2019,2172,"FL",45
2020,2173,"CA",23
2023,2174,"NY",49
2018,2175,"TX",16
2020,2176,"TX",15
2021,2177,"CA",47
2018,2178,"Remote",23
2024,2179,"CA",32
2024,2180,"TX",10
2019,2181,"Remote",16
2021,2182,"TX",39
2024,2183,"TX",20
2018,2184,"TX",33
2023,2185,"CA",34
2020,2186,"Remote",39
2020,2187,"NY",17
2024,2188,"Remote",37
2022,2189,"CA",47
2023,2190,"TX",12
2019,2191,"CA",4
2024,2192,"TX",44
2018,2193,"NY",26
2021,2194,"CA",18
2022,2195,"Remote",1
2021,2196,"CA",24
2019,2197,"CA",21
2020,2198,"FL",6
2020,2199,"CA",40
2021,2200,"NY",17
2020,2201,"FL",46
2021,2202,"FL",27
2019,2203,"Remote",30
2019,2204,"Remote",36
2024,2205,"Remote",20
2024,2206,"TX",24
2018,2207,"Remote",22
2018,2208,"NY",48
2023,2209,"FL",21
2024,2210,"Remote",46
2023,2211,"FL",40
2021,2212,"NY",8
2022,2213,"TX",21
2020,2214,"Remote",38
2021,2215,"Remote",26
2020,2216,"CA",11
2019,2217,"FL",37
2019,2218,"NY",23
2023,2219,"NY",50
2020,2220,"NY",6
2023,2221,"CA",41
2024,2222,"TX",5
2021,2223,"FL",12
2021,2224,"TX",26
2022,2225,"Remote",18
2022,2226,"Remote",40
2018,2227,"Remote",41
2022,2228,"CA",9
2020,2229,"TX",33
2024,2230,"Remote",41
2019,2231,"TX",41
2019,2232,"TX",27
2022,2233,"NY",29
2020,2234,"NY",16
2019,2235,"NY",32
2021,2236,"FL",2
2018,2237,"FL",9
2023,2238,"CA",14
2023,2239,"NY",45
2018,2240,"FL",28
2020,2241,"FL",14
2020,2242,"TX",9
2021,2243,"CA",46
2021,2244,"CA",21
2019,2245,"Remote",36
2022,2246,"FL",4
2020,2247,"CA",6
2024,2248,"FL",30
2024,2249,"FL",0
2022,2250,"TX",27
2022,2251,"TX",12
2020,2252,"FL",20
2018,2253,"TX",4
2023,2254,"Remote",43
2019,2255,"CA",46
2024,2256,"CA",12
2018,2257,"TX",45
2018,2258,"NY",6
2019,2259,"CA",15
2019,2260,"FL",21
2020,2261,"NY",47
2023,2262,"CA",41
2018,2263,"NY",30
2022,2264,"Remote",28
2021,2265,"TX",39
2023,2266,"NY",20
2019,2267,"NY",6
2018,2268,"TX",43
2024,2269,"FL",27
2023,2270,"CA",7
2023,2271,"Remote",16
2020,2272,"CA",39
2023,2273,"TX",35
2021,2274,"CA",35
2020,2275,"Remote",10
2023,2276,"CA",5
2024,2277,"FL",41
2022,2278,"Remote",19
2020,2279,"CA",14
2021,2280,"FL",45
2023,2281,"NY",34
2024,2282,"TX",34
2021,2283,"TX",25
2018,2284,"CA",15
2020,2285,"Remote",45
2018,2286,"Remote",41
2024,2287,"CA",6
2021,2288,"FL",12
2021,2289,"TX",7
2022,2290,"TX",37
2024,2291,"Remote",12
2021,2292,"FL",42
2018,2293,"Remote",42
2018,2294,"TX",7
2023,2295,"NY",20
2021,2296,"CA",32
2018,2297,"Remote",33
2019,2298,"Remote",25
2020,2299,"NY",32
2022,2300,"NY",49
2024,2301,"FL",46
2020,2302,"CA",9
2024,2303,"TX",14
2021,2304,"NY",23
2022,2305,"CA",0
2023,2306,"CA",33
2018,2307,"CA",49
2022,2308,"CA",43
2019,2309,"FL",43
2023,2310,"CA",23
2021,2311,"FL",27
2023,2312,"CA",0
2024,2313,"FL",0
2020,2314,"Remote",5
2019,2315,"FL",16
2018,2316,"NY",10
2020,2317,"NY",2
2018,2318,"CA",1
2020,2319,"NY",34
2023,2320,"TX",6
2018,2321,"Remote",40
2023,2322,"TX",50
2021,2323,"CA",40
2018,2324,"TX",40
2019,2325,"CA",27
2020,2326,"TX",42
2023,2327,"Remote",20
2018,2328,"TX",49
2020,2329,"CA",40
2024,2330,"TX",2
2022,2331,"CA",5
2020,2332,"NY",4
2020,2333,"TX",36
2023,2334,"FL",5
2021,2335,"NY",23
2019,2336,"CA",41
2024,2337,"FL",12
2022,2338,"CA",11
2018,2339,"FL",27
2023,2340,"TX",14
2024,2341,"FL",29
2024,2342,"TX",4
2018,2343,"TX",38
2019,2344,"TX",41
2020,2345,"TX",11
2021,2346,"FL",39
2024,2347,"FL",39
2021,2348,"CA",5
2018,2349,"CA",12
2023,2350,"Remote",28
2024,2351,"NY",20
2019,2352,"NY",3
2022,2353,"NY",20
2018,2354,"Remote",26
2024,2355,"NY",48
2021,2356,"NY",40
2018,2357,"NY",33
2021,2358,"TX",46
2024,2359,"TX",3
2023,2360,"Remote",43
2022,2361,"TX",11
2022,2362,"CA",37
2019,2363,"CA",31
2021,2364,"Remote",50
2018,2365,"CA",37
2023,2366,"FL",18
2018,2367,"TX",13
2021,2368,"TX",36
2024,2369,"NY",47
2018,2370,"NY",11
2020,2371,"Remote",24
2023,2372,"CA",49
2021,2373,"TX",3
2023,2374,"Remote",42
2018,2375,"Remote",21
2020,2376,"CA",6
2023,2377,"CA",17
2019,2378,"FL",17
2019,2379,"FL",22
2021,2380,"TX",49
2018,2381,"CA",15
2019,2382,"Remote",11
2023,2383,"CA",31
2021,2384,"NY",8
2020,2385,"FL",48
2021,2386,"TX",10
2020,2387,"NY",4
2020,2388,"CA",31
2023,2389,"Remote",14
2021,2390,"FL",2
2019,2391,"Remote",8
2019,2392,"CA",8
2023,2393,"TX",43
2021,2394,"Remote",41
2023,2395,"NY",19
2021,2396,"TX",21
2024,2397,"TX",6
2021,2398,"NY",40
2018,2399,"FL",44
2020,2400,"Remote",5
2024,2401,"FL",10
2018,2402,"TX",4
2023,2403,"FL",18
2018,2404,"FL",15
2023,2405,"TX",0
2023,2406,"TX",22
2023,2407,"TX",29
2021,2408,"TX",34
2022,2409,"FL",23
2023,2410,"CA",12
2019,2411,"Remote",43
2018,2412,"TX",15
2023,2413,"TX",6
2024,2414,"FL",27
2020,2415,"FL",18
2019,2416,"Remote",16
2024,2417,"CA",28
2020,2418,"Remote",6
2020,2419,"FL",4
2023,2420,"CA",49
2023,2421,"TX",16
2021,2422,"FL",28
2021,2423,"CA",39
2022,2424,"Remote",32
2021,2425,"Remote",20
2020,2426,"TX",42
2020,2427,"Remote",37
2021,2428,"CA",0
2023,2429,"CA",26
2023,2430,"TX",9
2019,2431,"Remote",2
2020,2432,"FL",44
2021,2433,"Remote",50
2022,2434,"TX",1
2022,2435,"Remote",3
2023,2436,"TX",24
2019,2437,"Remote",10
2021,2438,"FL",30
2019,2439,"Remote",45
2018,2440,"CA",6
2018,2441,"NY",16
2022,2442,"Remote",4
2018,2443,"NY",15
2018,2444,"CA",42
2019,2445,"CA",9
2024,2446,"FL",38
2021,2447,"FL",14
2024,2448,"FL",31
2022,2449,"Remote",48
2024,2450,"TX",13
2023,2451,"Remote",41
2018,2452,"TX",27
2022,2453,"TX",16
2019,2454,"NY",2
2023,2455,"NY",20
2018,2456,"TX",11
2019,2457,"FL",28
2019,2458,"CA",38
2022,2459,"FL",29
2022,2460,"NY",43
2021,2461,"FL",40
2020,2462,"Remote",20
2024,2463,"FL",35
2023,2464,"NY",34
2020,2465,"CA",47
2018,2466,"FL",40
2020,2467,"NY",49
2022,2468,"FL",2
2024,2469,"TX",29
2019,2470,"CA",33
2018,2471,"TX",29
2018,2472,"TX",30
2019,2473,"TX",48
2019,2474,"Remote",7
2021,2475,"FL",36
2020,2476,"FL",33
2018,2477,"NY",30
2022,2478,"FL",44
2023,2479,"FL",6
2023,2480,"TX",14
2022,2481,"FL",15
2019,2482,"NY",6
2018,2483,"Remote",50
2024,2484,"CA",4
2020,2485,"CA",47
2024,2486,"FL",7
2022,2487,"NY",22
2019,2488,"CA",33
2023,2489,"CA",8
2020,2490,"CA",36
2022,2491,"FL",10
2022,2492,"NY",42
2020,2493,"TX",40
2024,2494,"CA",35
2018,2495,"CA",6
2023,2496,"CA",30
2024,2497,"NY",20
2018,2498,"FL",7
2024,2499,"TX",26
2023,2500,"CA",39
2018,2501,"Remote",19
2018,2502,"TX",49
2018,2503,"CA",1
2018,2504,"CA",42
2024,2505,"Remote",15
2018,2506,"TX",34
2020,2507,"NY",13
2022,2508,"Remote",26
2019,2509,"CA",24
2024,2510,"TX",42
2020,2511,"NY",26
2022,2512,"CA",4
2023,2513,"Remote",38
2021,2514,"NY",23
2020,2515,"Remote",21
2022,2516,"NY",29
2024,2517,"NY",22
2018,2518,"FL",49
2021,2519,"NY",15
2020,2520,"CA",14
2019,2521,"Remote",43
2018,2522,"Remote",26
2018,2523,"FL",24
2019,2524,"CA",39
2020,2525,"TX",18
2018,2526,"TX",11
2021,2527,"TX",35
2019,2528,"TX",40
2018,2529,"Remote",13
2020,2530,"FL",13
2022,2531,"NY",39
2024,2532,"CA",42
2018,2533,"NY",16
2024,2534,"TX",50
2020,2535,"CA",42
2022,2536,"NY",20
2021,2537,"NY",38
2023,2538,"Remote",17
2019,2539,"FL",48
2023,2540,"CA",21
2018,2541,"CA",25
2018,2542,"CA",2
2018,2543,"TX",6
2018,2544,"Remote",50
2019,2545,"Remote",27
2021,2546,"TX",32
2018,2547,"FL",8
2018,2548,"Remote",47
2023,2549,"FL",24
2020,2550,"TX",29
2022,2551,"Remote",25
2024,2552,"CA",43
2024,2553,"TX",46
2022,2554,"CA",21
2022,2555,"Remote",32
2018,2556,"NY",23
2020,2557,"NY",16
2023,2558,"NY",16
2022,2559,"Remote",17
2022,2560,"FL",29
2022,2561,"Remote",23
2024,2562,"NY",30
2021,2563,"Remote",4
2024,2564,"FL",32
2022,2565,"CA",7
2020,2566,"TX",39
2020,2567,"CA",41
2021,2568,"Remote",45
2024,2569,"FL",13
2024,2570,"CA",37
2024,2571,"CA",40
2020,2572,"Remote",4
2024,2573,"TX",4
2021,2574,"FL",8
2024,2575,"CA",10
2019,2576,"CA",40
2018,2577,"FL",27
2023,2578,"FL",27
2020,2579,"CA",13
2018,2580,"CA",46
2022,2581,"NY",50
2023,2582,"FL",42
2018,2583,"TX",50
2018,2584,"CA",13
2022,2585,"FL",30
2022,2586,"FL",36
2022,2587,"NY",33
2024,2588,"CA",31
2021,2589,"NY",35
2021,2590,"NY",8
2023,2591,"FL",41
2021,2592,"NY",6
2023,2593,"FL",44
2019,2594,"CA",18
2024,2595,"CA",44
2020,2596,"TX",49
2023,2597,"NY",0
2019,2598,"FL",9
2024,2599,"TX",38
2020,2600,"NY",37
2020,2601,"NY",9
2023,2602,"TX",17
2018,2603,"CA",28
2018,2604,"TX",34
2018,2605,"CA",21
2024,2606,"Remote",31
2022,2607,"TX",14
2024,2608,"FL",24
2024,2609,"CA",11
2020,2610,"TX",30
2022,2611,"FL",49
2023,2612,"CA",26
2019,2613,"NY",17
2020,2614,"Remote",20
2018,2615,"FL",27
2019,2616,"NY",12
2018,2617,"NY",1
2024,2618,"NY",39
2021,2619,"FL",12
2020,2620,"Remote",24
2018,2621,"NY",34
2020,2622,"FL",7
2021,2623,"CA",7
2024,2624,"FL",4
2020,2625,"CA",43
2021,2626,"FL",12
2024,2627,"NY",0
2024,2628,"NY",6
2024,2629,"CA",2
2018,2630,"FL",0
2020,2631,"CA",27
2019,2632,"NY",47
2022,2633,"CA",40
2019,2634,"NY",13
2024,2635,"CA",29
2020,2636,"NY",11
2019,2637,"FL",28
2018,2638,"NY",41
2020,2639,"FL",33
2023,2640,"CA",4
2022,2641,"NY",26
2020,2642,"Remote",3
2020,2643,"FL",28
2022,2644,"TX",7
2023,2645,"NY",1
2023,2646,"NY",45
2023,2647,"Remote",41
2024,2648,"Remote",39
2018,2649,"Remote",16
2018,2650,"TX",19
2022,2651,"NY",1
2022,2652,"CA",6
2023,2653,"NY",48
2019,2654,"TX",11
2023,2655,"TX",50
2020,2656,"TX",38
2021,2657,"TX",37
2020,2658,"FL",35
2024,2659,"TX",33
2019,2660,"CA",28
2020,2661,"FL",39
2020,2662,"NY",1
2024,2663,"NY",0
2024,2664,"NY",28
2021,2665,"CA",17
2022,2666,"FL",11
2023,2667,"TX",37
2019,2668,"FL",8
2024,2669,"Remote",44
2023,2670,"FL",21
2021,2671,"FL",1
2020,2672,"Remote",23
2019,2673,"Remote",18
2021,2674,"NY",23
2019,2675,"CA",19
2023,2676,"Remote",18
2018,2677,"Remote",41
2021,2678,"CA",41
2020,2679,"Remote",9
2022,2680,"CA",26
2023,2681,"CA",19
2021,2682,"CA",10
2018,2683,"CA",36
2021,2684,"TX",2
2023,2685,"CA",38
2021,2686,"NY",17
2021,2687,"NY",6
2020,2688,"FL",31
2021,2689,"CA",20
2023,2690,"TX",0
2023,2691,"FL",28
2020,2692,"Remote",32
2023,2693,"CA",12
2018,2694,"Remote",32
2021,2695,"FL",30
2018,2696,"TX",34
2021,2697,"FL",31
2020,2698,"TX",26
2021,2699,"Remote",5
2020,2700,"Remote",3
2020,2701,"CA",44
2024,2702,"TX",0
2022,2703,"Remote",9
2018,2704,"CA",37
2023,2705,"FL",26
2019,2706,"Remote",41
2024,2707,"NY",23
2020,2708,"NY",42
2020,2709,"CA",0
2024,2710,"FL",3
2024,2711,"CA",38
2023,2712,"CA",2
2019,2713,"NY",46
2021,2714,"FL",39
2020,2715,"TX",6
2024,2716,"FL",4
2024,2717,"NY",19
2019,2718,"FL",33
2023,2719,"TX",31
2022,2720,"CA",6
2023,2721,"CA",40
2023,2722,"FL",25
2024,2723,"CA",17
2023,2724,"CA",36
2022,2725,"Remote",1
2019,2726,"NY",43
2020,2727,"FL",47
2021,2728,"TX",47
2019,2729,"FL",25
2019,2730,"CA",8
2021,2731,"FL",45
2022,2732,"Remote",27
2020,2733,"TX",3
2019,2734,"FL",0
2018,2735,"Remote",5
2019,2736,"FL",44
2018,2737,"Remote",37
2021,2738,"CA",18
2020,2739,"NY",30
2019,2740,"FL",15
2024,2741,"FL",28
2018,2742,"Remote",19
2018,2743,"FL",37
2022,2744,"CA",47
2018,2745,"TX",41
2023,2746,"CA",37
2018,2747,"NY",36
2019,2748,"Remote",39
2019,2749,"FL",5
2021,2750,"CA",25
2022,2751,"TX",11
2023,2752,"TX",40
2018,2753,"CA",41
2020,2754,"CA",17
2023,2755,"Remote",14
2023,2756,"NY",23
2020,2757,"NY",25
2019,2758,"FL",31
2022,2759,"TX",34
2019,2760,"FL",13
2024,2761,"TX",41
2018,2762,"NY",32
2020,2763,"TX",17
2019,2764,"NY",32
2021,2765,"NY",14
2023,2766,"TX",42
2020,2767,"Remote",22
2021,2768,"TX",2
2023,2769,"NY",40
2019,2770,"FL",42
2023,2771,"Remote",35
2019,2772,"NY",7
2022,2773,"NY",50
2018,2774,"CA",24
2019,2775,"FL",13
2022,2776,"FL",43
2018,2777,"FL",30
2020,2778,"FL",13
2019,2779,"FL",10
2022,2780,"CA",5
2023,2781,"NY",23
2019,2782,"Remote",4
2019,2783,"NY",44
2023,2784,"CA",41
2023,2785,"Remote",19
2020,2786,"CA",27
2024,2787,"CA",37
2022,2788,"NY",35
2022,2789,"NY",36
2020,2790,"NY",26
2023,2791,"NY",2
2024,2792,"NY",26
2020,2793,"Remote",25
2024,2794,"FL",49
2024,2795,"FL",15
2021,2796,"CA",21
2018,2797,"CA",44
2018,2798,"Remote",0
2019,2799,"FL",35
2020,2800,"Remote",11
2024,2801,"CA",28
2019,2802,"FL",37
2019,2803,"CA",6
2019,2804,"NY",9
2023,2805,"Remote",43
2022,2806,"CA",15
2022,2807,"CA",26
2023,2808,"Remote",6
2022,2809,"NY",46
2021,2810,"CA",2
2023,2811,"NY",17
2018,2812,"CA",6
2018,2813,"FL",48
2019,2814,"FL",41
2024,2815,"TX",47
2019,2816,"NY",6
2024,2817,"NY",28
2023,2818,"Remote",30
2020,2819,"NY",15
2023,2820,"TX",40
2020,2821,"CA",16
2023,2822,"NY",48
2021,2823,"CA",42
2022,2824,"NY",18
2024,2825,"NY",31
2019,2826,"TX",12
2022,2827,"TX",35
2020,2828,"CA",32
2020,2829,"CA",41
2023,2830,"Remote",18
2018,2831,"Remote",34
2020,2832,"FL",44
2021,2833,"CA",27
2021,2834,"NY",43
2020,2835,"CA",33
2021,2836,"NY",21
2024,2837,"FL",0
2021,2838,"NY",11
2019,2839,"FL",45
2020,2840,"FL",7
2019,2841,"NY",29
2021,2842,"CA",4
2024,2843,"FL",38
2024,2844,"Remote",37
2021,2845,"Remote",31
2021,2846,"CA",28
2019,2847,"FL",20
2023,2848,"TX",39
2020,2849,"Remote",18
2023,2850,"Remote",47
2022,2851,"TX",45
2023,2852,"Remote",14
2021,2853,"NY",38
2021,2854,"NY",23
2023,2855,"FL",11
2020,2856,"FL",34
2024,2857,"CA",49
2020,2858,"TX",33
2018,2859,"TX",21
2020,2860,"TX",17
2020,2861,"Remote",20
2018,2862,"Remote",16
2024,2863,"CA",24
2018,2864,"TX",50
2019,2865,"TX",38
2020,2866,"CA",8
2021,2867,"TX",44
2018,2868,"TX",47
2024,2869,"CA",44
2024,2870,"NY",9
2022,2871,"NY",31
2024,2872,"TX",18
2020,2873,"NY",6
2020,2874,"FL",4
2023,2875,"Remote",37
2018,2876,"Remote",4
2019,2877,"FL",16
2020,2878,"NY",23
2021,2879,"Remote",8
2021,2880,"TX",9
2024,2881,"FL",12
2021,2882,"NY",5
2019,2883,"TX",17
2024,2884,"FL",11
2022,2885,"Remote",34
2024,2886,"FL",9
2023,2887,"Remote",33
2023,2888,"TX",41
2019,2889,"CA",37
2023,2890,"FL",20
2018,2891,"Remote",26
2024,2892,"TX",26
2018,2893,"Remote",44
2021,2894,"CA",10
2023,2895,"NY",38
2023,2896,"TX",25
2021,2897,"NY",22
2022,2898,"FL",10
2024,2899,"TX",20
2021,2900,"CA",50
2024,2901,"CA",44
2023,2902,"NY",6
2020,2903,"Remote",49
2022,2904,"FL",33
2021,2905,"CA",6
2022,2906,"TX",22
2019,2907,"TX",12
2018,2908,"FL",42
2021,2909,"Remote",40
2022,2910,"NY",24
2023,2911,"Remote",1
2018,2912,"Remote",5
2024,2913,"TX",16
2020,2914,"CA",36
2021,2915,"CA",38
2018,2916,"TX",13
2018,2917,"TX",21
2018,2918,"TX",30
2023,2919,"Remote",18
2018,2920,"Remote",25
2023,2921,"NY",4
2018,2922,"FL",18
2022,2923,"NY",12
2018,2924,"NY",48
2023,2925,"FL",28
2022,2926,"NY",38
2024,2927,"NY",34
2019,2928,"TX",19
2023,2929,"Remote",35
2020,2930,"NY",44
2019,2931,"TX",0
2023,2932,"TX",25
2022,2933,"NY",38
2024,2934,"FL",27
2021,2935,"NY",18
2020,2936,"Remote",19
2024,2937,"CA",19
2019,2938,"TX",0
2018,2939,"Remote",28
2024,2940,"TX",41
2021,2941,"FL",33
2018,2942,"FL",37
2021,2943,"TX",41
2024,2944,"NY",10
2022,2945,"FL",19
2019,2946,"NY",17
2019,2947,"Remote",2
2022,2948,"NY",8
2018,2949,"FL",21
2019,2950,"CA",34
2024,2951,"TX",41
2018,2952,"CA",3
2024,2953,"NY",25
2020,2954,"TX",35
2022,2955,"FL",25
2023,2956,"Remote",20
2023,2957,"CA",33
2020,2958,"FL",2
2024,2959,"Remote",22
2022,2960,"NY",18
2022,2961,"TX",27
2023,2962,"TX",37
2021,2963,"CA",39
2023,2964,"TX",28
2022,2965,"FL",36
2021,2966,"NY",30
2019,2967,"TX",42
2023,2968,"NY",48
2019,2969,"FL",7
2020,2970,"TX",32
2021,2971,"FL",37
2024,2972,"Remote",25
2021,2973,"TX",28
2022,2974,"TX",31
2019,2975,"CA",23
2020,2976,"FL",8
2018,2977,"TX",28
2023,2978,"CA",27
2019,2979,"CA",5
2019,2980,"TX",37
2021,2981,"NY",19
2021,2982,"FL",50
2021,2983,"FL",39
2019,2984,"NY",2
2020,2985,"NY",44
2022,2986,"Remote",1
2021,2987,"CA",39
2023,2988,"FL",21
2024,2989,"FL",19
2021,2990,"FL",43
2021,2991,"CA",2
2019,2992,"FL",7
2018,2993,"Remote",43
2024,2994,"TX",15
2023,2995,"Remote",11
2021,2996,"Remote",1
2022,2997,"FL",19
2020,2998,"Remote",40
2022,2999,"CA",47
2021,3000,"CA",36
2022,3001,"Remote",49
2020,3002,"Remote",20
2022,3003,"TX",34
2021,3004,"CA",32
2020,3005,"Remote",42
2022,3006,"TX",40
2024,3007,"NY",18
2021,3008,"CA",27
2022,3009,"CA",15
2022,3010,"NY",0
2022,3011,"NY",16
2019,3012,"TX",32
2022,3013,"FL",45
2021,3014,"FL",31
2023,3015,"NY",10
2019,3016,"FL",3
2022,3017,"NY",25
2024,3018,"FL",11
2021,3019,"Remote",21
2020,3020,"NY",18
2019,3021,"FL",11
2022,3022,"NY",46
2023,3023,"NY",15
2019,3024,"TX",39
2020,3025,"CA",30
2022,3026,"FL",36
2023,3027,"CA",20
2018,3028,"TX",40
2019,3029,"CA",3
2019,3030,"NY",46
2021,3031,"TX",16
2022,3032,"FL",10
2018,3033,"CA",35
2023,3034,"CA",44
2022,3035,"NY",23
2021,3036,"NY",13
2022,3037,"CA",2
2022,3038,"Remote",43
2021,3039,"FL",16
2021,3040,"CA",33
2019,3041,"Remote",33
2018,3042,"CA",8
2024,3043,"NY",35
2018,3044,"CA",22
2019,3045,"TX",26
2023,3046,"CA",36
2020,3047,"TX",0
2020,3048,"CA",30
2021,3049,"Remote",15
2023,3050,"Remote",29
2022,3051,"TX",45
2018,3052,"TX",8
2021,3053,"NY",30
2022,3054,"CA",32
2023,3055,"TX",50
2019,3056,"NY",42
2021,3057,"FL",8
2018,3058,"CA",22
2021,3059,"FL",2
2018,3060,"Remote",46
2023,3061,"NY",46
2022,3062,"FL",38
2020,3063,"TX",48
2020,3064,"TX",5
2024,3065,"FL",48
2024,3066,"CA",31
2022,3067,"TX",2
2022,3068,"TX",2
2023,3069,"Remote",38
2022,3070,"FL",34
2021,3071,"CA",8
2023,3072,"Remote",30
2018,3073,"FL",45
2019,3074,"TX",45
2020,3075,"CA",35
2023,3076,"NY",5
2019,3077,"TX",46
2024,3078,"TX",24
2020,3079,"FL",9
2023,3080,"FL",27
2024,3081,"NY",20
2022,3082,"CA",29
2022,3083,"NY",1
2019,3084,"Remote",7
2019,3085,"Remote",10
2022,3086,"CA",43
2023,3087,"FL",21
2022,3088,"NY",28
2021,3089,"CA",10
2021,3090,"FL",34
2023,3091,"FL",27
2018,3092,"Remote",20
2022,3093,"TX",48
2022,3094,"CA",36
2020,3095,"Remote",42
2022,3096,"CA",15
2018,3097,"NY",27
2021,3098,"CA",39
2021,3099,"TX",34
2024,3100,"Remote",11
2020,3101,"CA",11
2024,3102,"TX",15
2018,3103,"Remote",50
2024,3104,"NY",24
2021,3105,"CA",40
2021,3106,"CA",15
2020,3107,"FL",18
2023,3108,"NY",30
2019,3109,"NY",38
2022,3110,"TX",28
2020,3111,"TX",45
2023,3112,"NY",25
2021,3113,"NY",39
2023,3114,"TX",29
2018,3115,"Remote",4
2019,3116,"Remote",14
2021,3117,"NY",39
2023,3118,"TX",8
2018,3119,"NY",6
2018,3120,"Remote",44
2020,3121,"Remote",19
2019,3122,"TX",48
2022,3123,"FL",50
2018,3124,"FL",27
2021,3125,"CA",23
2018,3126,"Remote",28
2024,3127,"TX",43
2024,3128,"FL",22
2023,3129,"TX",0
2019,3130,"NY",33
2021,3131,"NY",38
2023,3132,"NY",32
2021,3133,"CA",19
2023,3134,"FL",5
2020,3135,"Remote",40
2018,3136,"NY",47
2019,3137,"FL",0
2023,3138,"Remote",34
2024,3139,"Remote",7
2022,3140,"CA",48
2019,3141,"FL",35
2024,3142,"FL",17
2019,3143,"CA",9
2023,3144,"CA",37
2023,3145,"Remote",24
2019,3146,"TX",34
2024,3147,"NY",19
2020,3148,"CA",14
2022,3149,"CA",48
2022,3150,"Remote",19
2020,3151,"NY",50
2021,3152,"TX",18
2018,3153,"FL",3
2020,3154,"TX",1
2020,3155,"NY",38
2019,3156,"FL",37
2019,3157,"FL",50
2020,3158,"NY",35
2024,3159,"NY",45
2021,3160,"Remote",39
2018,3161,"Remote",37
2023,3162,"CA",25
2019,3163,"CA",42
2020,3164,"TX",40
2024,3165,"TX",26
2023,3166,"CA",3
2018,3167,"Remote",41
2018,3168,"FL",9
2021,3169,"NY",29
2021,3170,"CA",14
2022,3171,"FL",25
2018,3172,"FL",40
2022,3173,"NY",24
2019,3174,"FL",26
2023,3175,"Remote",9
2023,3176,"Remote",11
2021,3177,"NY",1
2018,3178,"FL",4
2020,3179,"TX",13
2023,3180,"NY",39
2023,3181,"TX",37
2020,3182,"Remote",39
2023,3183,"TX",6
2024,3184,"CA",4
2023,3185,"FL",24
2018,3186,"Remote",50
2024,3187,"TX",50
2018,3188,"CA",19
2022,3189,"Remote",20
2019,3190,"Remote",16
2024,3191,"CA",23
2023,3192,"TX",37
2020,3193,"FL",12
2021,3194,"CA",43
2023,3195,"CA",4
2020,3196,"FL",24
2018,3197,"FL",35
2024,3198,"Remote",46
2023,3199,"Remote",5
2019,3200,"NY",2
2021,3201,"NY",30
2022,3202,"NY",30
2024,3203,"NY",15
2022,3204,"FL",11
2023,3205,"TX",29
2020,3206,"CA",5
2022,3207,"CA",33
2020,3208,"CA",12
2020,3209,"NY",0
2021,3210,"CA",37
2020,3211,"Remote",11
2019,3212,"CA",17
2022,3213,"TX",19
2024,3214,"CA",22
2022,3215,"CA",12
2018,3216,"CA",25
2021,3217,"Remote",35
2018,3218,"CA",45
2024,3219,"TX",48
2020,3220,"NY",4
2021,3221,"CA",14
2023,3222,"Remote",47
2022,3223,"FL",2
2024,3224,"Remote",32
2021,3225,"TX",16
2024,3226,"CA",33
2019,3227,"CA",6
2019,3228,"TX",40
2019,3229,"TX",7
2023,3230,"NY",2
2022,3231,"Remote",48
2023,3232,"NY",14
2021,3233,"NY",6
2021,3234,"FL",46
2020,3235,"TX",26
2021,3236,"Remote",5
2024,3237,"CA",7
2021,3238,"CA",19
2020,3239,"NY",21
2021,3240,"FL",39
2023,3241,"Remote",10
2019,3242,"Remote",45
2019,3243,"NY",2
2022,3244,"CA",15
2023,3245,"TX",0
2018,3246,"CA",5
2022,3247,"NY",20
2024,3248,"NY",34
2022,3249,"FL",35
2020,3250,"CA",13
2018,3251,"CA",48
2021,3252,"FL",34
2023,3253,"NY",14
2023,3254,"CA",5
2019,3255,"TX",37
2024,3256,"Remote",3
2019,3257,"FL",30
2018,3258,"TX",42
2018,3259,"Remote",39
2023,3260,"TX",17
2022,3261,"NY",7
2022,3262,"Remote",17
2021,3263,"TX",34
2022,3264,"CA",2
2019,3265,"TX",10
2022,3266,"FL",10
2024,3267,"TX",5
2023,3268,"TX",14
2024,3269,"FL",40
2022,3270,"NY",45
2022,3271,"FL",33
2023,3272,"FL",12
2018,3273,"TX",5
2020,3274,"TX",16
2023,3275,"NY",42
2022,3276,"CA",45
2019,3277,"CA",1
2021,3278,"CA",1
2024,3279,"Remote",0
2023,3280,"CA",1
2019,3281,"FL",8
2024,3282,"NY",26
2019,3283,"FL",38
2021,3284,"FL",25
2020,3285,"CA",37
2021,3286,"TX",39
2020,3287,"TX",50
2021,3288,"TX",7
2021,3289,"TX",4
2022,3290,"TX",17
2022,3291,"Remote",18
2018,3292,"FL",35
2022,3293,"Remote",7
2018,3294,"FL",24
2022,3295,"NY",18
2024,3296,"TX",43
2023,3297,"Remote",48
2021,3298,"CA",9
2020,3299,"Remote",18
2019,3300,"CA",18
2020,3301,"CA",11
2024,3302,"NY",13
2024,3303,"FL",45
2021,3304,"Remote",15
2021,3305,"Remote",3
2021,3306,"TX",48
2019,3307,"FL",46
2018,3308,"FL",50
2019,3309,"Remote",0
2021,3310,"NY",6
2024,3311,"CA",33
2021,3312,"NY",42
2019,3313,"CA",33
2019,3314,"TX",14
2023,3315,"Remote",18
2023,3316,"NY",41
2018,3317,"TX",15
2023,3318,"Remote",47
2018,3319,"Remote",8
2020,3320,"Remote",24
2022,3321,"FL",44
2021,3322,"CA",44
2022,3323,"FL",47
2022,3324,"CA",40
2021,3325,"FL",8
2024,3326,"NY",10
2020,3327,"NY",16
2023,3328,"TX",26
2018,3329,"FL",34
2021,3330,"TX",36
2024,3331,"NY",17
2018,3332,"NY",17
2024,3333,"FL",29
2024,3334,"CA",45
2024,3335,"TX",23
2023,3336,"NY",47
2019,3337,"CA",3
2019,3338,"CA",21
2019,3339,"TX",37
2021,3340,"CA",44
2022,3341,"Remote",4
2018,3342,"FL",18
2020,3343,"FL",3
2020,3344,"FL",28
2024,3345,"NY",8
2024,3346,"CA",50
2024,3347,"CA",20
2022,3348,"NY",44
2018,3349,"TX",2
2024,3350,"TX",36
2024,3351,"CA",40
2024,3352,"Remote",37
2021,3353,"CA",13
2018,3354,"CA",31
2018,3355,"FL",10
2021,3356,"NY",3
2022,3357,"CA",46
2020,3358,"Remote",23
2024,3359,"CA",6
2018,3360,"FL",45
2019,3361,"TX",9
2022,3362,"FL",7
2020,3363,"Remote",50
2022,3364,"NY",28
2023,3365,"FL",46
2018,3366,"NY",20
2022,3367,"NY",11
2023,3368,"NY",48
2023,3369,"TX",1
2024,3370,"FL",5
2021,3371,"FL",13
2024,3372,"TX",28
2022,3373,"NY",38
2019,3374,"Remote",3
2022,3375,"NY",49
2023,3376,"TX",40
2023,3377,"TX",32
2021,3378,"Remote",31
2024,3379,"NY",48
2018,3380,"Remote",37
2023,3381,"CA",18
2018,3382,"TX",34
2020,3383,"Remote",47
2021,3384,"TX",7
2020,3385,"CA",31
2020,3386,"Remote",24
2022,3387,"FL",48
2024,3388,"FL",12
2024,3389,"CA",48
2024,3390,"FL",18
2018,3391,"TX",1
2024,3392,"CA",23
2020,3393,"CA",42
2024,3394,"Remote",40
2018,3395,"FL",14
2020,3396,"CA",14
2024,3397,"NY",50
2024,3398,"FL",35
2022,3399,"Remote",27
2020,3400,"Remote",44
2024,3401,"FL",32
2024,3402,"CA",15
2022,3403,"TX",7
2020,3404,"Remote",23
2024,3405,"TX",6
2023,3406,"NY",42
2024,3407,"TX",38
2023,3408,"Remote",13
2023,3409,"CA",15
2018,3410,"TX",33
2022,3411,"Remote",45
2019,3412,"NY",6
2018,3413,"FL",41
2024,3414,"FL",23
2018,3415,"Remote",43
2018,3416,"Remote",38
2024,3417,"NY",43
2019,3418,"CA",0
2022,3419,"CA",34
2024,3420,"CA",39
2020,3421,"CA",33
2023,3422,"TX",14
2018,3423,"Remote",8
2020,3424,"NY",47
2024,3425,"FL",35
2020,3426,"FL",31
2018,3427,"TX",42
2022,3428,"FL",50
2024,3429,"NY",37
2021,3430,"Remote",12
2018,3431,"TX",45
2021,3432,"CA",41
2021,3433,"Remote",43
2019,3434,"NY",2
2023,3435,"TX",19
2019,3436,"CA",8
2018,3437,"FL",10
2020,3438,"NY",0
2023,3439,"NY",24
2021,3440,"FL",40
2019,3441,"Remote",8
2024,3442,"TX",2
2018,3443,"FL",45
2022,3444,"FL",13
2019,3445,"NY",7
2024,3446,"Remote",5
2018,3447,"CA",36
2022,3448,"NY",43
2021,3449,"TX",9
2021,3450,"TX",4
2021,3451,"TX",14
2023,3452,"NY",13
2021,3453,"Remote",48
2023,3454,"FL",38
2022,3455,"NY",36
2023,3456,"TX",27
2019,3457,"TX",46
2021,3458,"CA",2
2020,3459,"CA",33
2020,3460,"Remote",17
2024,3461,"NY",7
2024,3462,"CA",37
2022,3463,"FL",50
2022,3464,"CA",20
2021,3465,"Remote",43
2019,3466,"FL",47
2020,3467,"TX",26
2024,3468,"TX",32
2024,3469,"CA",28
2023,3470,"CA",23
2022,3471,"NY",9
2023,3472,"TX",36
2023,3473,"TX",38
2018,3474,"NY",38
2020,3475,"CA",8
2023,3476,"TX",26
2021,3477,"Remote",39
2018,3478,"FL",16
2023,3479,"FL",1
2018,3480,"CA",3
2018,3481,"CA",22
2021,3482,"Remote",3
2020,3483,"CA",32
2018,3484,"NY",33
2018,3485,"CA",25
2023,3486,"FL",6
2021,3487,"TX",5
2018,3488,"Remote",44
2020,3489,"CA",20
2023,3490,"CA",7
2021,3491,"CA",50
2024,3492,"CA",34
2020,3493,"CA",7
2018,3494,"CA",21
2022,3495,"CA",47
2018,3496,"FL",37
2021,3497,"TX",15
2018,3498,"NY",29
2023,3499,"NY",31
2020,3500,"TX",17
2022,3501,"FL",45
2020,3502,"NY",40
2024,3503,"NY",27
2020,3504,"NY",48
2024,3505,"FL",17
2021,3506,"CA",1
2020,3507,"TX",6
2022,3508,"FL",14
2024,3509,"NY",41
2019,3510,"TX",48
2022,3511,"CA",9
2021,3512,"Remote",18
2020,3513,"CA",7
2020,3514,"FL",9
2022,3515,"FL",28
2023,3516,"TX",14
2021,3517,"CA",12
2021,3518,"NY",13
2020,3519,"TX",16
2019,3520,"TX",41
2018,3521,"FL",35
2024,3522,"TX",39
2020,3523,"TX",44
2022,3524,"NY",40
2023,3525,"CA",26
2019,3526,"Remote",13
2018,3527,"TX",17
2023,3528,"FL",2
2018,3529,"NY",29
2019,3530,"CA",13
2023,3531,"NY",26
2024,3532,"TX",43
2023,3533,"Remote",28
2022,3534,"FL",47
2021,3535,"Remote",17
2019,3536,"NY",30
2022,3537,"FL",0
2024,3538,"Remote",11
2024,3539,"CA",38
2018,3540,"CA",46
2021,3541,"TX",26
2024,3542,"CA",1
2023,3543,"Remote",35
2019,3544,"TX",1
2022,3545,"Remote",43
2018,3546,"Remote",30
2024,3547,"NY",2
2023,3548,"CA",33
2023,3549,"NY",9
2021,3550,"CA",29
2023,3551,"NY",47
2021,3552,"TX",31
2021,3553,"TX",35
2020,3554,"Remote",1
2022,3555,"NY",18
2018,3556,"TX",37
2018,3557,"FL",23
2023,3558,"Remote",14
2019,3559,"FL",40
2018,3560,"NY",17
2023,3561,"NY",33
2018,3562,"Remote",10
2024,3563,"CA",30
2018,3564,"TX",17
2021,3565,"FL",34
2021,3566,"FL",19
2019,3567,"Remote",30
2019,3568,"NY",4
2024,3569,"Remote",1
2019,3570,"FL",18
2020,3571,"CA",10
2020,3572,"Remote",5
2018,3573,"NY",23
2019,3574,"Remote",40
2019,3575,"NY",23
2019,3576,"CA",36
2023,3577,"CA",38
2023,3578,"TX",33
2024,3579,"Remote",25
2022,3580,"FL",11
2021,3581,"CA",14
2020,3582,"NY",40
2022,3583,"TX",29
2023,3584,"Remote",45
2021,3585,"NY",33
2022,3586,"CA",37
2020,3587,"CA",19
2020,3588,"Remote",16
2023,3589,"NY",24
2024,3590,"Remote",24
2024,3591,"Remote",47
2022,3592,"TX",5
2021,3593,"TX",36
2019,3594,"TX",16
2024,3595,"CA",12
2023,3596,"CA",24
2022,3597,"FL",5
2019,3598,"FL",45
2022,3599,"Remote",1
2020,3600,"NY",37
2023,3601,"TX",17
2018,3602,"TX",26
2023,3603,"NY",46
2022,3604,"NY",48
2021,3605,"NY",48
2019,3606,"CA",39
2022,3607,"CA",3
2024,3608,"FL",7
2020,3609,"TX",14
2018,3610,"NY",5
2019,3611,"TX",17
2021,3612,"TX",37
2019,3613,"Remote",2
2023,3614,"CA",33
2023,3615,"Remote",50
2019,3616,"TX",0
2024,3617,"TX",0
2023,3618,"TX",32
2018,3619,"Remote",33
2023,3620,"NY",24
2022,3621,"FL",26
2023,3622,"CA",21
2024,3623,"FL",41
2020,3624,"TX",28
2024,3625,"CA",19
2019,3626,"Remote",49
2022,3627,"TX",38
2024,3628,"FL",7
2024,3629,"NY",41
2018,3630,"CA",2
2021,3631,"FL",16
2024,3632,"CA",32
2021,3633,"Remote",13
2023,3634,"TX",28
2019,3635,"Remote",30
2020,3636,"CA",47
2024,3637,"CA",0
2019,3638,"FL",31
2024,3639,"TX",14
2022,3640,"Remote",42
2023,3641,"NY",44
2018,3642,"TX",29
2024,3643,"CA",38
2018,3644,"CA",13
2021,3645,"Remote",32
2019,3646,"NY",45
2018,3647,"TX",42
2024,3648,"Remote",37
2021,3649,"NY",5
2024,3650,"Remote",26
2023,3651,"CA",5
2021,3652,"CA",21
2018,3653,"NY",41
2020,3654,"NY",14
2022,3655,"TX",31
2022,3656,"TX",24
2022,3657,"TX",48
2024,3658,"NY",41
2024,3659,"NY",22
2022,3660,"NY",40
2024,3661,"NY",35
2021,3662,"FL",16
2018,3663,"NY",37
2021,3664,"NY",6
2023,3665,"TX",34
2023,3666,"Remote",16
2023,3667,"NY",10
2018,3668,"FL",35
2022,3669,"FL",12
2022,3670,"FL",22
2021,3671,"Remote",33
2018,3672,"NY",41
2020,3673,"Remote",20
2023,3674,"FL",3
2022,3675,"TX",20
2022,3676,"TX",4
2021,3677,"NY",10
2022,3678,"NY",37
2024,3679,"CA",4
2022,3680,"Remote",30
2024,3681,"Remote",17
2022,3682,"NY",48
2018,3683,"FL",1
2022,3684,"TX",39
2021,3685,"TX",29
2024,3686,"NY",29
2020,3687,"CA",30
2024,3688,"Remote",33
2022,3689,"Remote",10
2018,3690,"FL",43
2024,3691,"NY",37
2021,3692,"CA",21
2024,3693,"NY",11
2023,3694,"Remote",19
2019,3695,"CA",32
2022,3696,"TX",43
2018,3697,"Remote",5
2022,3698,"Remote",45
2018,3699,"FL",3
2021,3700,"Remote",38
2021,3701,"NY",45
2021,3702,"NY",3
2024,3703,"Remote",12
2023,3704,"Remote",5
2023,3705,"TX",41
2018,3706,"FL",18
2023,3707,"CA",7
2021,3708,"FL",48
2019,3709,"FL",25
2018,3710,"CA",10
2023,3711,"Remote",30
2022,3712,"Remote",43
2020,3713,"Remote",15
2023,3714,"CA",21
2019,3715,"TX",18
2024,3716,"Remote",43
2024,3717,"CA",37
2020,3718,"Remote",34
2022,3719,"TX",34
2023,3720,"NY",11
2020,3721,"Remote",22
2022,3722,"TX",6
2023,3723,"FL",43
2023,3724,"NY",13
2020,3725,"NY",40
2021,3726,"TX",13
2024,3727,"TX",19
2023,3728,"FL",18
2019,3729,"FL",28
2022,3730,"NY",43
2024,3731,"CA",4
2022,3732,"Remote",23
2019,3733,"FL",33
2022,3734,"CA",14
2020,3735,"NY",38
2022,3736,"TX",16
2020,3737,"CA",45
2019,3738,"NY",46
2022,3739,"Remote",1
2024,3740,"FL",10
2019,3741,"FL",37
2024,3742,"CA",28
2021,3743,"Remote",37
2023,3744,"CA",8
2020,3745,"Remote",44
2018,3746,"FL",44
2024,3747,"CA",48
2020,3748,"Remote",34
2022,3749,"Remote",28
2024,3750,"CA",36
2019,3751,"CA",46
2021,3752,"NY",22
2022,3753,"TX",38
2021,3754,"TX",25
2020,3755,"FL",35
2022,3756,"Remote",20
2020,3757,"Remote",46
2021,3758,"TX",21
2020,3759,"CA",37
2021,3760,"TX",50
2020,3761,"Remote",38
2022,3762,"FL",16
2024,3763,"CA",15
2021,3764,"FL",43
2024,3765,"FL",45
2022,3766,"NY",10
2018,3767,"TX",24
2022,3768,"NY",12
2022,3769,"TX",17
2021,3770,"Remote",14
2021,3771,"CA",37
2024,3772,"FL",10
2024,3773,"TX",13
2018,3774,"FL",1
2019,3775,"CA",14
2024,3776,"TX",38
2022,3777,"NY",13
2021,3778,"NY",46
2020,3779,"TX",35
2020,3780,"FL",13
2022,3781,"CA",11
2024,3782,"CA",46
2024,3783,"FL",5
2024,3784,"Remote",3
2020,3785,"NY",5
2024,3786,"CA",6
2021,3787,"TX",31
2018,3788,"FL",40
2024,3789,"FL",11
2021,3790,"NY",7
2021,3791,"Remote",45
2020,3792,"CA",27
2021,3793,"TX",34
2018,3794,"Remote",8
2024,3795,"TX",48
2020,3796,"FL",40
2018,3797,"CA",32
2021,3798,"TX",19
2020,3799,"NY",9
2023,3800,"NY",47
2020,3801,"Remote",18
2021,3802,"TX",47
2021,3803,"CA",42
2023,3804,"FL",50
2024,3805,"FL",44
2021,3806,"FL",13
2023,3807,"CA",31
2024,3808,"TX",19
2022,3809,"CA",22
2021,3810,"FL",12
2020,3811,"TX",50
2018,3812,"CA",14
2021,3813,"NY",32
2019,3814,"FL",12
2020,3815,"NY",18
2018,3816,"FL",31
2023,3817,"CA",24
2022,3818,"CA",36
2022,3819,"CA",33
2018,3820,"CA",20
2022,3821,"NY",41
2018,3822,"NY",47
2020,3823,"CA",13
2018,3824,"NY",26
2024,3825,"Remote",33
2020,3826,"Remote",11
2019,3827,"Remote",35
2019,3828,"TX",8
2024,3829,"NY",50
2023,3830,"FL",22
2021,3831,"TX",24
2019,3832,"TX",7
2022,3833,"NY",18
2024,3834,"TX",21
2023,3835,"Remote",27
2022,3836,"NY",47
2023,3837,"FL",43
2023,3838,"Remote",23
2018,3839,"FL",39
2023,3840,"Remote",24
2018,3841,"NY",20
2021,3842,"NY",10
2021,3843,"Remote",35
2020,3844,"NY",1
2023,3845,"NY",23
2023,3846,"TX",19
2021,3847,"CA",5
2023,3848,"CA",3
2023,3849,"TX",24
2022,3850,"NY",11
2019,3851,"Remote",4
2024,3852,"FL",3
2020,3853,"TX",13
2021,3854,"Remote",34
2021,3855,"FL",34
2018,3856,"TX",22
2021,3857,"TX",2
2018,3858,"Remote",31
2020,3859,"TX",29
2019,3860,"CA",24
2018,3861,"FL",24
2020,3862,"Remote",47
2020,3863,"FL",37
2018,3864,"NY",20
2022,3865,"FL",18
2024,3866,"Remote",16
2018,3867,"TX",12
2023,3868,"NY",15
2021,3869,"CA",13
2020,3870,"Remote",37
2019,3871,"CA",42
2023,3872,"NY",31
2022,3873,"NY",5
2023,3874,"TX",39
2021,3875,"TX",30
2018,3876,"TX",21
2020,3877,"TX",44
2020,3878,"TX",35
2022,3879,"Remote",4
2021,3880,"FL",8
2022,3881,"CA",43
2023,3882,"CA",19
2019,3883,"FL",16
2019,3884,"FL",21
2024,3885,"NY",12
2022,3886,"CA",48
2020,3887,"FL",39
2020,3888,"TX",35
2021,3889,"TX",17
2021,3890,"CA",2
2022,3891,"NY",20
2022,3892,"FL",6
2022,3893,"Remote",6
2022,3894,"Remote",28
2018,3895,"FL",17
2022,3896,"CA",12
2022,3897,"CA",42
2018,3898,"FL",4
2021,3899,"FL",7
2020,3900,"TX",42
2024,3901,"CA",47
2024,3902,"TX",15
2022,3903,"NY",22
2024,3904,"NY",23
2023,3905,"Remote",2
2019,3906,"NY",32
2021,3907,"Remote",17
2018,3908,"FL",18
2020,3909,"Remote",34
2018,3910,"Remote",8
2018,3911,"FL",30
2023,3912,"Remote",42
2022,3913,"NY",31
2018,3914,"FL",35
2019,3915,"TX",18
2022,3916,"FL",17
2018,3917,"FL",22
2023,3918,"CA",30
2021,3919,"CA",23
2024,3920,"CA",10
2020,3921,"FL",33
2022,3922,"FL",44
2020,3923,"NY",48
2018,3924,"FL",14
2019,3925,"Remote",34
2024,3926,"NY",29
2019,3927,"Remote",14
2020,3928,"TX",37
2019,3929,"TX",17
2022,3930,"TX",11
2022,3931,"FL",48
2021,3932,"CA",40
2020,3933,"CA",21
2019,3934,"TX",19
2024,3935,"TX",16
2022,3936,"NY",0
2023,3937,"TX",18
2019,3938,"TX",30
2020,3939,"CA",27
2024,3940,"TX",49
2024,3941,"NY",23
2021,3942,"CA",49
2022,3943,"Remote",43
2022,3944,"Remote",2
2018,3945,"NY",33
2019,3946,"CA",17
2021,3947,"CA",43
2022,3948,"TX",28
2020,3949,"FL",3
2021,3950,"FL",16
2018,3951,"NY",4
2020,3952,"TX",23
2022,3953,"NY",33
2024,3954,"NY",29
2022,3955,"Remote",35
2021,3956,"TX",22
2020,3957,"FL",24
2018,3958,"CA",47
2019,3959,"TX",4
2023,3960,"Remote",13
2024,3961,"FL",2
2024,3962,"NY",0
2021,3963,"NY",6
2019,3964,"Remote",46
2018,3965,"FL",31
2020,3966,"TX",13
2023,3967,"FL",24
2022,3968,"Remote",44
2018,3969,"NY",49
2024,3970,"Remote",41
2018,3971,"TX",24
2024,3972,"NY",35
2021,3973,"TX",47
2021,3974,"FL",10
2023,3975,"Remote",33
2018,3976,"TX",34
2018,3977,"Remote",47
2024,3978,"NY",36
2021,3979,"TX",25
2024,3980,"FL",46
2020,3981,"Remote",26
2023,3982,"FL",40
2024,3983,"TX",3
2020,3984,"TX",8
2022,3985,"NY",50
2023,3986,"NY",8
2019,3987,"TX",25
2023,3988,"Remote",11
2019,3989,"FL",21
2021,3990,"Remote",39
2019,3991,"TX",8
2022,3992,"NY",26
2024,3993,"FL",17
2024,3994,"TX",23
2018,3995,"FL",3
2024,3996,"CA",19
2020,3997,"CA",18
2022,3998,"TX",5
2018,3999,"TX",23
2022,4000,"NY",9
