"employee_id","department","engagement","salary","vacation","Vacation_days_taken"
1,"Engineering",4,75100,18,6
2,"Engineering",2,84800,18,1
3,"Marketing",4,61500,20,15
4,"Sales",5,62500,25,1
5,"Sales",3,64400,13,27
6,"Engineering",4,97900,26,24
7,"HR",3,102300,11,7
8,"Sales",1,81900,29,5
9,"Operations",1,44300,24,18
10,"IT",4,64600,28,4
11,"Finance",2,53700,23,6
12,"Marketing",5,92000,10,15
13,"Finance",5,68000,17,25
14,"Finance",5,58300,29,10
15,"Engineering",1,73600,12,30
16,"Finance",4,106100,21,25
17,"Finance",2,63100,21,3
18,"HR",5,58100,28,25
19,"IT",5,57400,24,1
20,"Sales",3,85500,23,13
21,"IT",5,63500,12,20
22,"Sales",1,77500,18,10
23,"Operations",1,82000,26,5
24,"Finance",5,59100,10,28
25,"Engineering",2,60600,29,26
26,"Marketing",5,80900,25,8
27,"IT",4,58700,16,17
28,"Engineering",4,53100,27,6
29,"Operations",5,73100,17,3
30,"Sales",2,75000,28,1
31,"Marketing",4,56900,13,9
32,"HR",5,77700,13,11
33,"Operations",3,73700,14,20
34,"HR",5,95400,12,1
35,"HR",3,52900,23,27
36,"Finance",4,69500,18,16
37,"Operations",5,43300,25,7
38,"Operations",1,78700,28,21
39,"Operations",2,75200,27,4
40,"HR",3,59600,17,8
41,"Operations",4,68400,26,27
42,"IT",2,64700,21,8
43,"Marketing",1,80400,17,11
44,"IT",1,87900,24,12
45,"Marketing",4,85600,20,24
46,"Sales",1,37900,24,19
47,"Sales",5,85700,17,15
48,"HR",2,91700,17,30
49,"HR",5,79500,30,7
50,"Engineering",3,70700,16,28
51,"HR",3,42400,19,19
52,"Engineering",2,79400,15,12
53,"Operations",2,63500,12,29
54,"Engineering",1,80000,19,10
55,"Sales",4,58000,13,7
56,"IT",1,75500,20,19
57,"Finance",3,61500,19,23
58,"HR",1,85700,27,13
59,"Engineering",5,84800,10,16
60,"Operations",5,70600,13,28
61,"Finance",3,56500,26,16
62,"HR",4,91100,16,9
63,"IT",4,62000,27,1
64,"HR",4,75600,30,19
65,"Engineering",3,53700,12,21
66,"Operations",5,79800,13,10
67,"IT",2,62600,12,10
68,"Marketing",1,72100,29,18
69,"Operations",3,63100,14,18
70,"Marketing",2,58100,14,16
71,"IT",4,61600,29,9
72,"Marketing",1,64400,13,29
73,"Engineering",3,73200,15,21
74,"IT",2,39200,27,4
75,"Operations",1,61100,25,26
76,"IT",2,76100,16,22
77,"HR",4,65300,30,0
78,"Sales",4,84100,13,7
79,"HR",3,69100,14,15
80,"Engineering",5,60700,19,11
81,"IT",4,74200,13,18
82,"Marketing",3,92300,12,4
83,"Marketing",1,42000,12,22
84,"Marketing",3,80500,14,25
85,"HR",3,72600,27,16
86,"Engineering",3,65700,23,22
87,"HR",4,67200,20,30
88,"Operations",3,78900,18,1
89,"Marketing",1,68400,27,8
90,"HR",1,105100,18,7
91,"Engineering",2,84600,28,24
92,"HR",3,73300,27,20
93,"Sales",3,64100,12,6
94,"Operations",3,57100,14,26
95,"Finance",3,56700,24,23
96,"Finance",5,63800,29,10
97,"Engineering",5,79700,27,13
98,"HR",4,58100,25,0
99,"Marketing",5,38400,13,30
100,"Sales",1,65500,11,25
101,"IT",1,29200,13,30
102,"Engineering",2,57300,19,18
103,"Finance",5,62800,17,16
104,"IT",5,72000,30,10
105,"HR",5,53500,22,8
106,"HR",5,55800,17,8
107,"IT",5,71000,25,16
108,"IT",1,72100,11,30
109,"Finance",3,67000,14,12
110,"IT",3,72200,14,11
111,"HR",3,80400,22,28
112,"Marketing",2,87400,19,1
113,"Sales",1,79900,18,11
114,"Engineering",5,56900,19,2
115,"Engineering",4,52200,17,22
116,"Engineering",1,58500,17,10
117,"IT",5,67400,19,2
118,"Operations",3,55800,12,24
119,"Operations",3,94700,10,22
120,"HR",1,55300,26,21
121,"Sales",5,63000,24,3
122,"Engineering",1,83700,27,18
123,"Marketing",4,73400,19,14
124,"Marketing",2,72500,14,25
125,"Sales",2,67600,29,6
126,"HR",3,60300,22,8
127,"Operations",3,52800,19,21
128,"Operations",2,84000,15,5
129,"Marketing",5,65300,24,20
130,"Engineering",1,90000,28,30
131,"Marketing",3,68800,12,28
132,"Engineering",3,55500,16,13
133,"Finance",2,68200,29,28
134,"HR",1,49700,29,4
135,"Sales",5,76800,21,10
136,"Finance",2,69000,11,11
137,"Marketing",5,90600,30,7
138,"IT",4,82200,28,20
139,"IT",2,94800,12,1
140,"Marketing",1,64600,18,1
141,"Finance",5,73800,14,5
142,"IT",1,92100,23,16
143,"IT",3,65900,14,3
144,"Sales",3,63100,28,25
145,"Operations",2,92900,16,22
146,"Finance",5,37700,25,18
147,"Sales",3,84000,12,30
148,"Sales",5,57900,15,3
149,"HR",3,62800,22,20
150,"IT",5,77100,12,20
151,"IT",1,87200,11,24
152,"Finance",4,83600,22,10
153,"Engineering",2,61200,21,20
154,"IT",1,85800,28,16
155,"Engineering",5,83400,10,15
156,"Operations",5,70900,16,21
157,"Finance",5,70900,21,25
158,"Finance",5,57100,10,13
159,"Sales",1,85500,30,0
160,"Sales",1,80000,27,4
161,"Finance",3,47100,17,20
162,"HR",5,92300,27,3
163,"Marketing",4,86300,18,20
164,"Engineering",2,61600,13,17
165,"Marketing",2,47300,13,19
166,"Finance",1,65500,25,0
167,"IT",5,45300,29,18
168,"Finance",2,67000,29,16
169,"Operations",1,53700,18,23
170,"Engineering",2,65400,23,5
171,"Engineering",3,84000,15,9
172,"Operations",2,57300,29,2
173,"Operations",1,71300,21,0
174,"IT",2,89300,10,9
175,"HR",5,68400,29,25
176,"Engineering",4,91500,13,29
177,"Operations",3,48900,29,12
178,"Sales",4,76400,29,14
179,"Marketing",3,80200,11,14
180,"Sales",1,63000,28,29
181,"Engineering",4,58700,27,15
182,"Operations",5,76300,14,7
183,"Finance",2,73400,30,2
184,"Finance",2,62700,14,6
185,"Operations",1,67700,12,6
186,"IT",5,67900,27,5
187,"IT",1,73300,21,25
188,"Finance",5,78400,26,29
189,"Sales",2,73800,11,26
190,"IT",1,44000,20,9
191,"Engineering",5,80600,18,2
192,"Marketing",5,74100,26,28
193,"Engineering",5,84200,30,26
194,"Operations",5,65000,26,19
195,"Marketing",3,44400,24,5
196,"Engineering",5,46500,25,8
197,"Operations",2,87000,20,21
198,"Finance",3,66100,27,23
199,"Operations",1,76900,29,24
200,"Engineering",5,82100,22,9
201,"Finance",2,70400,10,10
202,"Engineering",1,85400,12,2
203,"Marketing",2,63700,14,19
204,"HR",5,64200,16,15
205,"HR",3,70700,29,21
206,"Operations",2,81500,18,15
207,"IT",1,56800,14,4
208,"Marketing",4,78700,28,12
209,"Operations",1,88400,20,16
210,"Marketing",1,74000,17,8
211,"Engineering",3,76600,25,2
212,"Sales",2,81300,22,16
213,"IT",5,98600,13,14
214,"Marketing",2,69600,17,8
215,"IT",3,67500,15,25
216,"Marketing",2,72300,27,16
217,"Operations",3,88100,11,15
218,"Finance",2,83000,28,24
219,"HR",4,82500,12,19
220,"Operations",1,71000,14,15
221,"Operations",4,78000,26,5
222,"HR",2,92600,11,10
223,"Finance",2,82100,30,18
224,"Marketing",5,73700,28,30
225,"Operations",1,63000,20,29
226,"Sales",3,75300,16,5
227,"Finance",3,74900,16,2
228,"Engineering",2,86100,27,4
229,"Sales",5,99100,11,2
230,"Finance",4,75700,18,8
231,"Operations",4,82900,26,22
232,"Marketing",3,53600,22,21
233,"Sales",4,53900,30,30
234,"HR",2,84200,16,14
235,"Sales",2,68200,12,17
236,"Finance",5,44500,19,1
237,"IT",3,85600,13,4
238,"HR",3,37600,12,6
239,"IT",2,62000,13,4
240,"Engineering",5,53800,11,30
241,"HR",3,65200,29,17
242,"Marketing",5,44100,15,15
243,"Finance",4,71900,25,12
244,"Sales",5,96300,19,6
245,"Sales",2,93700,30,4
246,"Operations",2,65800,13,19
247,"Operations",3,84500,17,16
248,"Sales",4,87600,20,21
249,"IT",3,48500,18,9
250,"Operations",3,74300,25,0
251,"Sales",3,70400,30,24
252,"IT",3,64600,25,30
253,"Engineering",1,85100,22,14
254,"Engineering",5,80000,24,24
255,"IT",3,76800,11,22
256,"Sales",1,65300,28,7
257,"Operations",3,38500,19,11
258,"IT",3,60600,23,20
259,"Engineering",2,57300,17,28
260,"Sales",3,51600,29,14
261,"Finance",5,55900,20,26
262,"Engineering",3,68800,26,9
263,"IT",4,78500,16,5
264,"HR",1,47200,30,27
265,"IT",5,70700,27,3
266,"Marketing",1,66000,11,2
267,"Engineering",5,40500,16,23
268,"HR",4,74000,16,4
269,"Operations",1,96000,27,3
270,"Marketing",1,74100,13,21
271,"Engineering",4,68100,27,28
272,"HR",2,31400,28,19
273,"Operations",3,68300,21,23
274,"IT",2,66700,21,15
275,"IT",4,60500,12,29
276,"IT",4,69400,15,13
277,"Sales",5,63000,16,23
278,"Marketing",2,60300,10,4
279,"Operations",1,56300,23,27
280,"Engineering",1,66600,25,12
281,"Marketing",1,79600,30,2
282,"Marketing",4,37500,25,29
283,"Marketing",5,77600,29,7
284,"Operations",4,54800,30,0
285,"Marketing",2,60800,24,2
286,"Finance",4,81700,21,30
287,"Operations",5,85200,12,16
288,"Marketing",4,61700,19,12
289,"IT",2,63100,14,13
290,"Operations",5,87500,17,19
291,"IT",2,76400,11,3
292,"HR",5,52000,26,17
293,"Marketing",2,61800,18,17
294,"HR",5,52400,18,15
295,"IT",3,72600,29,24
296,"Sales",5,39900,11,21
297,"Finance",1,79400,30,7
298,"Operations",5,62100,23,25
299,"Sales",2,73300,30,3
300,"Engineering",5,76900,11,7
301,"Engineering",3,60900,13,18
302,"Engineering",5,66200,24,4
303,"Finance",2,70900,22,14
304,"IT",2,86300,24,12
305,"IT",5,56900,23,12
306,"Sales",3,72400,21,7
307,"Finance",1,64100,18,2
308,"Finance",5,77200,13,2
309,"Engineering",3,46800,20,14
310,"Sales",4,71500,10,22
311,"Sales",2,66900,12,29
312,"Sales",3,64200,21,23
313,"HR",3,69400,20,14
314,"Marketing",1,69700,12,11
315,"Engineering",5,18200,17,13
316,"Marketing",3,44200,12,14
317,"HR",4,81500,25,20
318,"Engineering",4,89000,29,30
319,"Operations",3,70300,11,12
320,"Operations",1,71500,11,8
321,"Sales",2,87900,14,25
322,"Marketing",2,85500,22,18
323,"Engineering",1,73800,19,5
324,"Finance",3,89400,28,27
325,"Finance",3,63700,12,7
326,"Finance",1,44800,28,13
327,"Finance",4,51700,25,8
328,"Marketing",5,73600,13,15
329,"IT",2,64000,16,22
330,"Sales",5,62600,15,27
331,"Sales",5,73200,25,4
332,"Marketing",1,73100,11,1
333,"Sales",2,69300,23,19
334,"Operations",4,61100,14,5
335,"Sales",2,79300,13,16
336,"Sales",1,82300,23,20
337,"Engineering",2,76800,18,13
338,"Sales",2,54900,15,21
339,"Marketing",3,66900,19,9
340,"IT",2,104600,21,27
341,"Finance",2,66000,30,19
342,"IT",5,67800,10,24
343,"Sales",5,83700,25,0
344,"Engineering",1,63600,16,28
345,"Finance",2,76900,29,23
346,"IT",4,97200,11,2
347,"Finance",3,70100,21,18
348,"Engineering",5,40800,20,21
349,"Marketing",3,56200,25,15
350,"Marketing",2,43100,20,1
351,"Sales",4,72800,24,27
352,"Operations",2,65800,12,14
353,"HR",1,74400,13,4
354,"Finance",3,77500,14,5
355,"Engineering",4,54500,14,25
356,"Finance",4,66100,28,23
357,"IT",1,78900,28,1
358,"Finance",4,66500,15,23
359,"Sales",3,55500,16,7
360,"IT",2,82400,20,9
361,"HR",2,69200,16,14
362,"Sales",3,80700,24,28
363,"Engineering",3,65600,24,7
364,"IT",4,64000,17,25
365,"HR",5,56800,18,14
366,"Sales",4,80100,20,29
367,"Marketing",2,66100,29,19
368,"Marketing",4,71600,17,1
369,"Engineering",4,74000,11,12
370,"HR",1,80800,13,23
371,"IT",4,92400,27,19
372,"Engineering",4,78200,18,28
373,"Marketing",4,48100,23,26
374,"IT",4,92600,16,2
375,"Engineering",4,71600,27,20
376,"Operations",3,104200,30,26
377,"Sales",2,61600,24,16
378,"Engineering",1,86200,27,12
379,"Engineering",5,46400,11,14
380,"Sales",3,64800,10,5
381,"Finance",4,85500,14,9
382,"HR",3,77800,16,27
383,"Sales",1,68400,17,0
384,"HR",4,69600,11,24
385,"HR",1,93100,23,0
386,"Marketing",4,52600,17,1
387,"HR",3,59900,26,2
388,"HR",3,82800,29,0
389,"Sales",1,72500,27,3
390,"Operations",4,80400,21,16
391,"Operations",1,74600,20,7
392,"IT",2,61200,26,11
393,"Marketing",4,81700,29,6
394,"Engineering",2,63400,26,21
395,"HR",1,63100,26,0
396,"Sales",4,82800,11,19
397,"HR",2,66300,14,13
398,"IT",3,73500,25,16
399,"Sales",3,50500,17,19
400,"Finance",1,45300,20,30
401,"IT",4,54300,18,8
402,"Finance",3,54500,22,10
403,"Sales",5,49300,23,19
404,"Marketing",5,77500,26,22
405,"Operations",2,70600,28,21
406,"Marketing",4,66400,17,18
407,"HR",2,60900,26,14
408,"Finance",4,75100,20,19
409,"HR",4,46200,22,13
410,"Operations",5,53300,28,15
411,"HR",1,64500,19,15
412,"Marketing",4,43600,26,14
413,"Engineering",4,71600,26,1
414,"Operations",4,45900,30,30
415,"Finance",5,61800,24,17
416,"Sales",3,59800,14,13
417,"IT",3,65000,26,14
418,"Sales",2,45900,28,30
419,"IT",1,95300,28,20
420,"Operations",1,73400,10,8
421,"Engineering",2,59400,16,19
422,"IT",3,56300,30,9
423,"Marketing",4,79100,19,13
424,"HR",2,70800,21,26
425,"HR",1,80000,14,22
426,"IT",3,58600,17,11
427,"IT",5,72200,15,12
428,"Operations",4,32200,10,0
429,"Engineering",5,71000,26,7
430,"Finance",4,79000,13,26
431,"HR",3,61400,20,4
432,"HR",1,82300,30,20
433,"Engineering",4,85000,19,0
434,"Operations",1,74800,11,28
435,"Finance",2,76200,11,26
436,"Operations",3,71300,24,16
437,"Sales",2,77100,25,9
438,"Marketing",3,63900,24,21
439,"Engineering",5,86100,21,25
440,"Operations",5,70500,25,7
441,"Operations",1,84200,29,2
442,"Operations",5,70500,25,21
443,"IT",3,79500,22,30
444,"Engineering",3,65000,18,13
445,"HR",4,81800,10,26
446,"Sales",3,65300,15,7
447,"Operations",3,90000,23,18
448,"Marketing",2,66300,25,30
449,"Marketing",1,61100,10,28
450,"Operations",1,68100,30,13
451,"Operations",2,71200,25,23
452,"IT",3,75800,11,12
453,"HR",3,45300,10,12
454,"IT",1,53600,26,3
455,"Operations",3,71900,14,4
456,"Operations",3,57000,20,10
457,"Sales",4,51600,14,20
458,"Sales",5,46700,27,17
459,"Operations",4,99500,29,19
460,"Engineering",2,63600,26,12
461,"Marketing",3,93200,15,7
462,"Finance",1,74200,21,13
463,"Sales",2,86200,10,19
464,"HR",3,68600,26,25
465,"HR",5,76100,17,23
466,"Sales",4,34800,28,30
467,"IT",5,51400,16,10
468,"Finance",2,47200,19,30
469,"Engineering",4,81000,27,29
470,"Operations",4,63900,23,25
471,"Operations",1,51800,17,8
472,"Sales",4,73000,13,10
473,"Finance",4,84800,15,27
474,"Operations",5,78000,10,27
475,"HR",4,73100,24,25
476,"IT",2,57700,17,5
477,"HR",1,78800,28,11
478,"Sales",1,57800,25,6
479,"Engineering",2,74100,25,23
480,"Marketing",1,70100,25,19
481,"Operations",3,91500,27,23
482,"IT",1,72800,17,14
483,"HR",4,93500,24,17
484,"Engineering",1,60800,26,1
485,"HR",5,54700,23,24
486,"Engineering",1,36100,19,4
487,"Engineering",1,74000,18,29
488,"HR",2,53700,14,28
489,"Marketing",5,64100,29,22
490,"Sales",1,74000,23,10
491,"IT",2,83300,11,23
492,"Finance",2,80600,21,14
493,"Operations",4,75200,16,16
494,"Operations",4,67000,20,17
495,"IT",3,83300,30,30
496,"Sales",4,74500,21,13
497,"IT",4,79000,13,26
498,"Marketing",2,71000,27,7
499,"Engineering",3,93400,12,1
500,"Sales",2,85100,20,14
501,"Operations",3,66100,24,17
502,"Sales",5,78200,12,20
503,"Sales",5,79700,22,29
504,"Operations",2,65300,30,12
505,"IT",5,65400,16,22
506,"HR",1,69100,29,21
507,"Engineering",2,54600,13,28
508,"Finance",5,68300,17,30
509,"Operations",1,83500,24,18
510,"IT",1,64200,25,23
511,"Sales",4,73800,19,3
512,"Sales",1,83100,15,8
513,"HR",5,72600,15,11
514,"Marketing",4,72300,23,10
515,"IT",3,71600,26,24
516,"Finance",2,63900,19,17
517,"IT",5,77400,30,9
518,"Marketing",4,61600,18,11
519,"Operations",2,57100,29,6
520,"HR",5,77500,14,7
521,"Finance",1,62800,18,15
522,"HR",5,82000,29,14
523,"Engineering",5,78400,17,13
524,"IT",1,59100,18,12
525,"Engineering",5,51800,11,18
526,"Engineering",1,83500,17,7
527,"IT",1,71000,12,12
528,"HR",1,63400,24,5
529,"Engineering",4,73800,25,5
530,"Sales",5,65400,25,11
531,"Sales",1,35700,25,26
532,"Sales",3,66100,12,30
533,"Finance",2,66700,21,3
534,"Engineering",5,61100,19,0
535,"Finance",1,76600,29,8
536,"IT",4,60300,19,19
537,"IT",3,66000,22,2
538,"Finance",5,66300,30,9
539,"Sales",4,57400,13,8
540,"Engineering",3,67500,19,25
541,"IT",1,50400,20,26
542,"HR",3,78200,21,22
543,"Sales",4,69000,27,20
544,"Finance",2,77300,11,0
545,"Sales",4,71100,14,3
546,"HR",1,40400,21,7
547,"Finance",4,63400,22,25
548,"Finance",2,76200,22,21
549,"Engineering",3,55200,12,3
550,"Sales",3,81300,24,30
551,"Finance",5,74100,29,8
552,"Engineering",4,66100,29,9
553,"Engineering",4,42900,23,17
554,"Operations",2,77100,13,11
555,"Operations",2,66400,11,15
556,"Finance",3,80800,19,18
557,"Engineering",4,61600,15,28
558,"IT",2,81800,26,18
559,"Marketing",4,82400,10,28
560,"Operations",2,83200,10,5
561,"Sales",2,94300,26,19
562,"Sales",5,60100,18,22
563,"HR",1,82700,23,26
564,"Marketing",2,36900,30,25
565,"Finance",4,70900,13,16
566,"Finance",5,68800,18,1
567,"Sales",5,66700,23,18
568,"Sales",3,82400,15,23
569,"Engineering",3,64200,25,26
570,"Marketing",3,58600,10,19
571,"IT",1,54600,11,24
572,"Finance",3,83800,30,22
573,"Engineering",5,48000,23,3
574,"Finance",2,78800,21,29
575,"IT",5,44000,30,22
576,"Sales",2,61800,29,26
577,"Marketing",5,60900,27,9
578,"Sales",3,55300,16,15
579,"IT",4,72600,28,20
580,"Operations",4,76900,28,9
581,"Marketing",5,82100,17,29
582,"Marketing",2,74900,23,5
583,"Marketing",5,83100,21,0
584,"IT",2,68300,20,13
585,"HR",4,81400,21,3
586,"Marketing",1,74800,29,20
587,"IT",1,37300,17,20
588,"Sales",4,61400,30,19
589,"HR",3,71600,19,29
590,"Finance",3,60000,24,20
591,"Marketing",5,60900,12,22
592,"HR",1,48200,19,21
593,"IT",2,78900,30,9
594,"Finance",1,85400,11,27
595,"Marketing",3,62800,29,25
596,"IT",3,61300,11,8
597,"Sales",4,48300,27,5
598,"Marketing",4,77300,29,20
599,"Sales",5,58200,30,19
600,"Engineering",2,59700,16,30
601,"HR",3,75100,30,10
602,"Marketing",1,60800,15,26
603,"Finance",4,93700,10,27
604,"Finance",5,77000,30,13
605,"Engineering",3,51600,20,11
606,"Marketing",4,57000,26,20
607,"Engineering",2,72600,10,14
608,"Finance",2,71100,15,30
609,"HR",2,83600,26,17
610,"Sales",5,51800,20,10
611,"Engineering",5,56600,27,23
612,"Finance",5,88600,22,7
613,"HR",5,79800,26,3
614,"Engineering",4,50500,13,6
615,"Finance",2,65500,17,11
616,"HR",2,62200,12,11
617,"Sales",5,73400,17,10
618,"IT",3,49700,19,9
619,"IT",4,71300,15,29
620,"IT",3,66800,13,5
621,"Engineering",2,54600,27,27
622,"Sales",4,78000,14,29
623,"Sales",2,70900,27,13
624,"Engineering",2,84700,11,15
625,"IT",1,53800,18,23
626,"Finance",2,75200,18,24
627,"Marketing",2,66400,22,4
628,"Sales",3,68400,13,11
629,"Operations",3,71700,28,27
630,"Sales",1,88500,23,24
631,"Sales",1,85700,25,28
632,"Finance",3,63800,27,21
633,"Sales",3,68000,30,8
634,"Sales",1,96400,24,23
635,"Operations",3,47400,20,27
636,"HR",3,74700,11,18
637,"Marketing",5,95700,20,11
638,"IT",2,51500,23,24
639,"Operations",4,60600,17,20
640,"Sales",2,62400,27,0
641,"Operations",5,70800,21,6
642,"Engineering",3,69200,24,11
643,"Finance",5,72900,20,23
644,"IT",3,80300,30,8
645,"Operations",4,74300,19,17
646,"Marketing",1,74100,27,14
647,"Finance",4,63600,29,20
648,"Sales",4,93400,26,22
649,"Engineering",1,69900,10,5
650,"Sales",5,64000,28,22
651,"Operations",3,77500,11,13
652,"Sales",4,90300,25,11
653,"IT",1,85400,13,6
654,"HR",4,59400,14,18
655,"IT",3,58200,12,26
656,"Sales",4,84000,25,15
657,"HR",2,60800,16,28
658,"Engineering",3,77100,16,8
659,"Engineering",5,82100,18,25
660,"Operations",2,57900,10,16
661,"Marketing",2,51000,21,23
662,"IT",4,86900,27,30
663,"IT",3,87800,20,20
664,"Sales",2,62500,21,10
665,"HR",4,54200,29,15
666,"Engineering",4,59000,23,11
667,"HR",5,51200,22,24
668,"IT",3,83300,19,25
669,"Marketing",4,82500,10,17
670,"Engineering",1,62900,19,27
671,"Engineering",4,92300,10,17
672,"HR",2,58900,13,30
673,"HR",4,60400,21,29
674,"HR",4,61800,12,27
675,"Marketing",1,47000,11,0
676,"HR",2,79300,17,18
677,"HR",1,84200,21,24
678,"Sales",1,92600,16,9
679,"Engineering",5,84100,23,12
680,"Marketing",4,44300,16,21
681,"Engineering",5,76800,14,14
682,"Sales",2,82100,20,20
683,"Operations",3,47100,11,5
684,"Engineering",3,57900,23,6
685,"Finance",3,70000,12,9
686,"Operations",5,58900,11,22
687,"Finance",3,30500,12,22
688,"HR",2,77900,11,27
689,"Sales",1,81700,19,5
690,"Marketing",5,80700,21,17
691,"Finance",2,88400,17,16
692,"Engineering",2,75900,30,14
693,"HR",3,39900,17,4
694,"IT",3,74400,23,5
695,"Marketing",4,40100,23,28
696,"Marketing",4,65500,18,8
697,"Engineering",1,53600,20,18
698,"HR",3,87800,29,20
699,"Operations",4,62200,21,5
700,"HR",4,49100,13,12
701,"IT",5,68700,25,9
702,"IT",4,94100,28,17
703,"Engineering",4,89300,22,0
704,"Marketing",1,61000,17,24
705,"Operations",1,58900,16,18
706,"HR",5,68900,18,0
707,"HR",1,98800,16,2
708,"IT",5,30500,21,18
709,"Operations",2,59000,30,26
710,"Sales",4,77900,10,5
711,"HR",4,49600,11,2
712,"Finance",3,87300,10,9
713,"Marketing",2,88200,22,6
714,"Marketing",2,81900,25,9
715,"Operations",4,56800,21,14
716,"Operations",5,71100,25,8
717,"HR",5,71000,10,29
718,"Engineering",2,86700,22,25
719,"HR",1,60100,29,18
720,"Finance",2,58800,13,7
721,"HR",1,60500,23,13
722,"Finance",5,60100,10,4
723,"Sales",1,77100,18,23
724,"Engineering",1,81400,18,4
725,"HR",2,56100,24,19
726,"Finance",4,76600,16,15
727,"Marketing",3,72000,24,11
728,"Marketing",1,1e+05,13,11
729,"Marketing",1,95100,14,20
730,"HR",4,61800,24,18
731,"Finance",1,55400,29,20
732,"Engineering",2,50700,15,18
733,"Operations",5,77000,14,15
734,"Finance",2,78300,20,24
735,"Marketing",2,56500,13,28
736,"Sales",5,43600,28,10
737,"IT",5,54900,15,16
738,"Marketing",5,68200,15,0
739,"Sales",2,44800,22,22
740,"Operations",1,80000,17,20
741,"Operations",1,56700,21,14
742,"Finance",5,80000,26,10
743,"IT",1,70300,30,23
744,"Sales",3,33700,18,0
745,"Finance",4,76600,16,0
746,"Sales",3,52900,16,12
747,"IT",2,57000,13,12
748,"Marketing",2,76400,17,23
749,"Marketing",1,64300,17,4
750,"HR",2,50600,22,10
751,"IT",3,79000,18,12
752,"Sales",3,61400,22,14
753,"IT",2,90000,13,8
754,"Operations",5,71500,10,27
755,"Engineering",3,41300,20,29
756,"IT",5,80400,23,1
757,"Engineering",4,86900,24,5
758,"Sales",4,78100,25,11
759,"Sales",4,62900,23,17
760,"Sales",1,57600,17,24
761,"Finance",5,69000,10,21
762,"Engineering",2,78400,17,24
763,"Engineering",5,67900,29,13
764,"Finance",5,57100,11,14
765,"Finance",2,75000,27,3
766,"HR",2,90600,14,25
767,"IT",5,81000,11,9
768,"IT",2,67400,26,27
769,"Operations",5,69900,23,10
770,"Sales",2,89000,13,1
771,"Sales",2,52600,22,11
772,"Marketing",4,69500,20,0
773,"Marketing",5,51300,14,25
774,"Operations",4,63000,16,26
775,"IT",5,98000,10,7
776,"Finance",5,73400,26,22
777,"Operations",5,66800,23,23
778,"Finance",4,60200,18,18
779,"Engineering",5,73600,23,8
780,"Operations",1,75100,25,9
781,"Operations",1,64300,22,10
782,"IT",3,64500,13,16
783,"Operations",1,54400,10,22
784,"Engineering",2,77300,18,14
785,"Finance",5,91200,27,21
786,"Marketing",5,81700,19,6
787,"Finance",5,86000,23,2
788,"IT",4,70000,14,18
789,"Finance",4,81300,19,30
790,"Sales",4,87600,13,19
791,"Finance",2,64400,12,27
792,"IT",4,80000,15,3
793,"Engineering",5,81300,27,4
794,"Marketing",4,95100,27,5
795,"Engineering",5,80100,14,26
796,"HR",5,61700,10,4
797,"Marketing",3,49600,20,11
798,"Marketing",4,74500,24,16
799,"Finance",5,72600,29,24
800,"Marketing",1,70800,16,19
801,"Sales",4,77100,15,8
802,"Operations",5,56900,29,21
803,"Finance",3,60700,29,27
804,"Marketing",1,53500,11,0
805,"Operations",4,36700,28,6
806,"Finance",5,70700,26,30
807,"Engineering",4,56900,18,24
808,"IT",2,75400,28,2
809,"Sales",3,79100,28,21
810,"Operations",5,61500,28,19
811,"HR",2,67100,24,15
812,"Marketing",5,57700,20,0
813,"Operations",4,59200,30,15
814,"Sales",4,67000,30,18
815,"Operations",3,50000,23,24
816,"Engineering",1,89000,28,23
817,"Marketing",2,40100,30,17
818,"Sales",1,77600,27,27
819,"Finance",5,63000,25,14
820,"Sales",2,85500,23,22
821,"Marketing",2,63900,13,23
822,"Sales",3,41700,30,15
823,"Sales",1,78000,17,1
824,"IT",4,71900,11,8
825,"Finance",4,49800,26,17
826,"Operations",4,48900,14,2
827,"Sales",5,81400,24,22
828,"Engineering",2,83600,20,26
829,"Operations",1,99200,26,13
830,"Operations",2,57400,11,5
831,"Marketing",3,79300,22,21
832,"IT",5,84600,26,18
833,"Operations",1,71100,29,21
834,"IT",4,84500,17,11
835,"Finance",3,88300,25,5
836,"Finance",4,71800,11,21
837,"Operations",1,48900,28,0
838,"Operations",2,55000,26,20
839,"HR",5,61600,19,24
840,"IT",2,77600,11,13
841,"Engineering",5,83000,24,0
842,"Engineering",5,53000,27,12
843,"Engineering",1,55100,17,17
844,"Finance",1,34200,30,3
845,"Sales",4,53000,30,16
846,"Operations",3,93300,28,26
847,"Operations",2,105600,15,13
848,"Engineering",1,64200,28,0
849,"Operations",1,35800,21,20
850,"HR",1,71600,21,25
851,"Finance",3,81700,10,8
852,"Engineering",5,67300,12,11
853,"Operations",2,85700,11,15
854,"Finance",5,73800,25,0
855,"Sales",4,76600,22,4
856,"Sales",1,46600,12,27
857,"IT",1,76000,16,11
858,"Sales",1,82800,11,23
859,"Sales",5,76000,18,22
860,"HR",4,80800,23,20
861,"Marketing",4,83000,22,11
862,"Operations",2,50700,21,3
863,"Engineering",5,79500,18,5
864,"HR",5,82400,30,29
865,"Sales",1,67700,26,21
866,"Sales",3,41400,18,7
867,"IT",1,86600,27,16
868,"Sales",3,86300,18,22
869,"Finance",3,71900,14,13
870,"Operations",1,77900,26,28
871,"Marketing",3,69100,19,18
872,"IT",1,82200,12,10
873,"Engineering",3,55000,28,30
874,"Finance",1,58300,29,22
875,"IT",2,72200,20,7
876,"Marketing",3,74100,26,28
877,"Finance",1,82700,24,0
878,"Operations",4,70900,24,29
879,"HR",3,99600,28,20
880,"IT",4,40300,17,10
881,"Finance",4,65300,21,13
882,"Marketing",2,75800,22,9
883,"Sales",5,98200,30,14
884,"HR",5,34300,26,4
885,"Marketing",1,104000,14,13
886,"IT",4,87600,26,22
887,"Engineering",4,79300,26,5
888,"Operations",2,76600,30,22
889,"Finance",4,67900,21,7
890,"IT",4,94700,27,11
891,"Marketing",3,79500,30,20
892,"Sales",5,65700,12,26
893,"HR",2,54500,29,30
894,"Finance",2,78300,20,28
895,"IT",2,66300,15,0
896,"Finance",2,72500,18,26
897,"IT",5,78700,20,28
898,"Marketing",3,61500,26,16
899,"Engineering",5,89600,22,21
900,"Operations",1,40100,23,6
901,"HR",1,60400,17,17
902,"Marketing",5,93200,21,18
903,"Operations",4,75900,12,27
904,"Sales",2,81400,17,28
905,"Marketing",4,81800,13,14
906,"Finance",5,75600,12,30
907,"Sales",5,106500,12,13
908,"HR",2,79500,14,5
909,"Engineering",2,88300,27,14
910,"Sales",3,67900,19,4
911,"Operations",5,91200,10,29
912,"Engineering",5,95000,11,7
913,"Marketing",2,90200,28,26
914,"Sales",1,74700,15,14
915,"HR",2,73900,26,14
916,"Sales",5,48900,10,22
917,"Engineering",4,82400,25,29
918,"Engineering",4,63200,11,7
919,"Operations",5,39600,26,8
920,"HR",1,71800,23,6
921,"Operations",4,72700,11,15
922,"Finance",3,66500,30,25
923,"HR",5,73400,29,11
924,"Finance",5,63100,14,28
925,"Engineering",1,42000,29,20
926,"Operations",4,63300,29,27
927,"Marketing",5,64800,13,17
928,"Finance",2,80700,24,2
929,"HR",5,67600,25,13
930,"Marketing",5,56500,13,9
931,"Finance",3,60900,23,17
932,"Marketing",4,61400,27,6
933,"Finance",1,66500,22,13
934,"Operations",2,62600,23,1
935,"Engineering",4,98100,17,8
936,"Operations",5,79500,21,21
937,"IT",2,73200,18,25
938,"HR",1,91900,24,7
939,"IT",2,72900,17,8
940,"Marketing",2,83700,21,16
941,"Operations",1,82000,24,9
942,"Engineering",4,75300,24,5
943,"Operations",4,67600,28,2
944,"Marketing",3,51800,13,13
945,"IT",4,96000,27,28
946,"Finance",5,50700,20,4
947,"Marketing",2,97200,14,1
948,"Engineering",1,70300,20,22
949,"Sales",3,59100,18,29
950,"HR",2,67000,17,5
951,"Finance",2,96900,20,2
952,"IT",2,41700,18,28
953,"Marketing",2,56500,14,4
954,"Operations",3,64600,29,21
955,"Marketing",2,72900,15,26
956,"Finance",5,82200,21,6
957,"Sales",1,86000,23,7
958,"Operations",1,71200,17,8
959,"HR",1,81000,20,5
960,"Sales",1,92100,22,18
961,"Operations",4,58600,19,29
962,"Marketing",2,86300,19,9
963,"Marketing",1,82800,14,23
964,"Finance",3,72700,23,23
965,"Operations",1,76100,23,25
966,"Engineering",2,68500,18,18
967,"Finance",3,68600,24,9
968,"Marketing",1,69200,26,23
969,"Sales",1,58000,16,10
970,"Sales",1,90300,14,17
971,"IT",1,39300,27,23
972,"Engineering",2,67800,21,26
973,"Marketing",3,82800,16,1
974,"HR",4,76100,29,22
975,"Marketing",2,76400,14,27
976,"Sales",3,49500,20,20
977,"IT",1,76300,22,20
978,"Operations",4,81900,14,22
979,"Finance",2,79100,20,12
980,"Sales",5,74700,25,25
981,"Operations",3,84400,21,23
982,"Engineering",2,74300,27,25
983,"HR",5,63200,24,14
984,"IT",4,65700,14,25
985,"Operations",1,73300,21,2
986,"Finance",5,39100,26,22
987,"HR",1,94700,18,4
988,"Sales",1,77900,24,11
989,"Sales",3,48600,20,29
990,"Sales",5,74700,18,13
991,"Operations",3,56500,29,4
992,"IT",2,71100,17,27
993,"Operations",5,61400,25,22
994,"Operations",4,62000,21,9
995,"Marketing",2,86900,18,13
996,"Sales",1,66400,20,28
997,"IT",1,63600,11,13
998,"IT",1,83900,13,29
999,"Marketing",3,90900,15,0
1000,"Sales",1,71400,19,22
1001,"Engineering",1,70800,26,16
1002,"IT",3,66000,12,19
1003,"Engineering",3,54900,14,18
1004,"Engineering",1,87300,22,18
1005,"Sales",5,74400,10,20
1006,"Marketing",3,65200,17,13
1007,"Operations",3,46400,24,17
1008,"Engineering",4,86400,30,4
1009,"Sales",2,64900,27,14
1010,"Operations",1,40800,15,28
1011,"IT",4,72300,27,23
1012,"IT",2,64700,29,11
1013,"Sales",2,45500,18,1
1014,"Marketing",2,61700,18,22
1015,"IT",3,73400,14,20
1016,"Sales",5,72100,17,27
1017,"HR",1,56300,18,10
1018,"Sales",1,79800,11,9
1019,"IT",5,47300,27,12
1020,"Sales",3,66800,25,24
1021,"Engineering",5,51500,25,22
1022,"IT",1,55200,19,1
1023,"IT",4,76400,27,18
1024,"Finance",2,41200,11,7
1025,"Sales",2,61100,21,22
1026,"Engineering",2,55700,17,0
1027,"Marketing",2,91000,27,25
1028,"Sales",4,61100,12,7
1029,"Operations",3,112500,24,10
1030,"IT",4,85600,27,24
1031,"IT",4,59200,25,5
1032,"Operations",2,53000,26,0
1033,"IT",3,58600,14,6
1034,"Marketing",3,48300,24,4
1035,"Operations",1,63100,19,13
1036,"Operations",2,78100,24,20
1037,"Operations",5,77800,17,11
1038,"Sales",4,73700,10,30
1039,"IT",1,77900,22,2
1040,"Engineering",4,55500,27,28
1041,"HR",4,82800,25,30
1042,"Engineering",2,85400,25,26
1043,"Sales",4,56300,27,11
1044,"Finance",1,75600,25,16
1045,"IT",4,76000,14,4
1046,"IT",3,71600,30,3
1047,"Engineering",5,53000,12,3
1048,"IT",4,69900,25,18
1049,"Sales",2,69800,22,12
1050,"HR",2,84900,10,29
1051,"Marketing",2,83500,13,12
1052,"IT",5,30900,28,17
1053,"Marketing",5,45000,17,6
1054,"HR",2,73700,28,26
1055,"IT",3,53600,23,22
1056,"Marketing",1,77400,23,27
1057,"HR",1,70500,28,18
1058,"Engineering",5,53000,29,16
1059,"Finance",3,38900,18,0
1060,"Finance",5,73800,17,16
1061,"Sales",1,45800,27,3
1062,"Sales",4,60700,17,1
1063,"IT",4,74500,13,19
1064,"Engineering",3,49100,22,21
1065,"Marketing",3,89900,29,22
1066,"Sales",5,48700,25,13
1067,"Sales",5,71400,25,8
1068,"Marketing",4,59500,30,20
1069,"Marketing",4,60300,19,28
1070,"Operations",5,76100,19,24
1071,"Sales",3,51500,28,14
1072,"IT",2,69600,21,4
1073,"Marketing",5,60200,30,12
1074,"IT",2,72500,10,27
1075,"HR",1,66200,13,25
1076,"HR",4,47900,13,18
1077,"Marketing",5,53900,13,19
1078,"Operations",5,62400,10,0
1079,"Sales",2,62400,20,16
1080,"HR",2,77500,12,20
1081,"Finance",2,66500,14,11
1082,"Finance",4,65100,20,30
1083,"Engineering",2,66200,10,6
1084,"Engineering",3,69200,26,14
1085,"IT",1,73300,29,5
1086,"Finance",2,79000,18,10
1087,"Marketing",5,87200,22,22
1088,"Finance",1,68300,25,24
1089,"Marketing",3,73900,16,14
1090,"HR",1,82200,10,29
1091,"Marketing",2,49200,27,21
1092,"Engineering",3,65000,21,26
1093,"IT",2,97200,12,7
1094,"HR",3,66400,26,0
1095,"Engineering",4,68900,18,18
1096,"Engineering",4,95600,21,21
1097,"HR",4,83500,10,15
1098,"Marketing",1,52900,13,3
1099,"HR",1,105900,30,3
1100,"HR",4,75600,16,21
1101,"HR",5,61600,30,27
1102,"Operations",2,58200,21,11
1103,"Sales",2,105800,15,28
1104,"IT",2,83700,27,17
1105,"Sales",5,61600,16,30
1106,"Finance",3,82200,23,7
1107,"Engineering",4,58800,21,17
1108,"HR",4,54100,22,9
1109,"IT",3,80500,19,30
1110,"Engineering",5,60100,26,20
1111,"Operations",1,52800,17,24
1112,"IT",2,71000,12,8
1113,"Marketing",2,63000,14,28
1114,"Operations",5,74200,16,8
1115,"Operations",3,63600,14,25
1116,"IT",3,54900,27,9
1117,"Marketing",1,74300,13,26
1118,"Sales",2,77200,27,10
1119,"Finance",1,81100,22,2
1120,"Sales",5,53600,23,28
1121,"HR",4,51200,12,15
1122,"Operations",1,77700,27,3
1123,"Finance",5,80600,23,7
1124,"HR",5,69600,21,9
1125,"Engineering",2,76100,21,30
1126,"Sales",4,80300,17,8
1127,"HR",4,59700,10,24
1128,"Engineering",5,64200,13,8
1129,"Sales",5,53600,16,25
1130,"Sales",3,71100,27,11
1131,"Finance",5,84500,12,13
1132,"Sales",4,85000,11,6
1133,"HR",2,99100,24,9
1134,"Engineering",1,61600,13,2
1135,"Operations",2,78000,12,12
1136,"Sales",2,68200,30,19
1137,"Marketing",2,66600,30,30
1138,"Finance",1,76900,26,11
1139,"Engineering",1,55400,28,15
1140,"Finance",5,89400,17,16
1141,"Operations",2,79300,23,4
1142,"HR",3,91100,14,25
1143,"HR",5,77500,12,1
1144,"Sales",3,78800,15,23
1145,"IT",5,60900,24,22
1146,"Sales",4,94200,26,30
1147,"Operations",1,64600,23,14
1148,"HR",2,73900,18,19
1149,"IT",5,62500,10,11
1150,"HR",5,53200,13,16
1151,"Marketing",2,83900,12,20
1152,"HR",1,67800,21,13
1153,"IT",5,83600,18,27
1154,"Engineering",3,76500,10,10
1155,"Marketing",5,82700,20,5
1156,"Marketing",3,52500,18,6
1157,"Finance",5,59700,23,14
1158,"Marketing",1,77200,21,0
1159,"Finance",1,54100,21,4
1160,"Sales",2,74000,13,26
1161,"Marketing",1,61200,23,25
1162,"Sales",2,61800,18,5
1163,"Operations",2,49300,16,16
1164,"Engineering",5,85400,16,22
1165,"Marketing",1,73100,14,6
1166,"Sales",1,87600,23,3
1167,"Sales",5,53900,16,24
1168,"HR",1,73400,15,21
1169,"Marketing",4,87700,10,12
1170,"Finance",5,49200,25,25
1171,"IT",3,52000,22,10
1172,"HR",5,83100,18,18
1173,"HR",2,88000,10,1
1174,"Engineering",4,67500,15,1
1175,"Marketing",1,56000,26,5
1176,"Engineering",2,54400,16,17
1177,"IT",3,80200,12,30
1178,"Engineering",1,53500,15,7
1179,"Sales",2,71500,26,14
1180,"HR",1,65600,30,23
1181,"HR",5,70200,21,8
1182,"IT",3,50700,29,27
1183,"IT",3,33400,27,26
1184,"Finance",3,89600,13,28
1185,"Operations",3,65000,29,13
1186,"IT",3,74500,26,5
1187,"Engineering",1,79500,18,19
1188,"Operations",1,94600,29,22
1189,"Engineering",4,48600,26,26
1190,"Sales",3,77300,17,27
1191,"Engineering",2,68500,22,18
1192,"Sales",2,69800,27,14
1193,"Sales",5,72700,22,20
1194,"Sales",1,85300,20,14
1195,"Operations",5,79900,15,12
1196,"Operations",5,74400,12,24
1197,"HR",1,68600,21,17
1198,"Marketing",5,67100,29,28
1199,"Finance",5,38000,16,1
1200,"Marketing",5,67600,27,21
1201,"IT",4,85800,13,8
1202,"Sales",5,65100,23,13
1203,"IT",4,65900,18,16
1204,"Marketing",1,62600,11,0
1205,"IT",3,57600,29,25
1206,"Sales",4,56400,18,15
1207,"Sales",2,51600,13,2
1208,"Operations",2,78900,20,15
1209,"IT",2,89100,29,3
1210,"Operations",2,69000,18,1
1211,"Operations",4,90100,26,21
1212,"Engineering",4,74600,25,21
1213,"Sales",2,68300,24,8
1214,"IT",3,77100,24,21
1215,"Operations",2,98600,25,20
1216,"Engineering",5,77600,24,20
1217,"Sales",1,113200,17,1
1218,"Operations",2,70700,28,29
1219,"Marketing",4,89100,26,8
1220,"IT",2,43400,18,5
1221,"IT",4,56700,26,9
1222,"Operations",5,56000,29,3
1223,"Finance",5,46100,22,22
1224,"Finance",2,103900,30,22
1225,"HR",1,79700,14,26
1226,"IT",1,87500,13,13
1227,"Engineering",3,60000,19,29
1228,"HR",5,79500,20,25
1229,"IT",1,80100,17,7
1230,"Marketing",5,61600,15,29
1231,"IT",1,60900,14,0
1232,"Operations",1,63900,18,8
1233,"Sales",1,99700,15,9
1234,"Sales",5,80400,30,10
1235,"Finance",3,69300,19,17
1236,"IT",1,63600,30,20
1237,"Sales",5,77300,11,5
1238,"Sales",5,93200,16,19
1239,"HR",2,121200,17,23
1240,"Engineering",1,100900,19,18
1241,"HR",3,63300,17,26
1242,"IT",1,68200,24,9
1243,"Finance",3,82300,17,28
1244,"Finance",4,60700,11,7
1245,"Engineering",5,69100,20,11
1246,"HR",5,54200,27,16
1247,"Operations",3,84100,16,8
1248,"Sales",3,64300,17,15
1249,"IT",5,62800,25,14
1250,"Marketing",1,62500,25,21
1251,"Engineering",3,90800,12,0
1252,"IT",2,51200,11,13
1253,"HR",3,71600,19,23
1254,"IT",3,67800,18,21
1255,"Finance",5,27400,26,11
1256,"IT",3,103700,20,4
1257,"Operations",3,61900,30,9
1258,"Marketing",4,86600,26,14
1259,"Operations",5,60500,27,23
1260,"IT",1,73200,24,5
1261,"Engineering",1,68000,13,26
1262,"IT",4,59300,15,20
1263,"Finance",2,46200,20,15
1264,"IT",4,53700,22,29
1265,"HR",5,79800,25,2
1266,"Finance",2,48700,11,7
1267,"Marketing",3,69600,12,0
1268,"IT",5,55000,17,6
1269,"Finance",4,37000,14,30
1270,"Engineering",2,66800,18,14
1271,"Finance",2,93800,27,30
1272,"HR",5,45000,27,4
1273,"Marketing",1,68700,30,30
1274,"Marketing",3,84900,19,6
1275,"Operations",2,71800,28,8
1276,"Finance",1,62200,24,22
1277,"Sales",3,66500,15,16
1278,"HR",5,52900,24,22
1279,"Marketing",3,96700,23,4
1280,"Marketing",4,60000,20,13
1281,"HR",4,55900,20,13
1282,"Engineering",5,54300,24,19
1283,"Operations",1,84200,16,19
1284,"Engineering",2,84400,22,22
1285,"Sales",2,79500,25,18
1286,"HR",2,41400,19,17
1287,"Operations",2,93800,16,4
1288,"Operations",3,73600,15,28
1289,"Sales",3,75100,29,20
1290,"HR",3,84900,22,9
1291,"Operations",2,88200,27,22
1292,"Engineering",1,69600,20,1
1293,"IT",3,88800,11,23
1294,"IT",4,97800,23,24
1295,"Finance",3,59100,10,9
1296,"Operations",1,73200,13,29
1297,"Engineering",1,72100,16,1
1298,"HR",2,63100,21,2
1299,"Engineering",2,62300,11,29
1300,"Sales",2,85200,17,7
1301,"Marketing",2,80100,26,30
1302,"Engineering",2,50900,24,3
1303,"Marketing",3,65400,30,7
1304,"Engineering",5,66300,13,16
1305,"IT",2,54500,14,18
1306,"Sales",2,57200,30,22
1307,"HR",5,84500,16,17
1308,"Marketing",5,75700,29,11
1309,"Finance",3,52500,25,3
1310,"IT",2,42100,17,26
1311,"HR",2,63500,15,20
1312,"Sales",2,80200,16,5
1313,"HR",5,57500,15,16
1314,"Engineering",2,53200,21,10
1315,"Operations",5,64500,27,13
1316,"Engineering",1,69800,11,18
1317,"HR",4,80300,16,17
1318,"Finance",5,87500,25,14
1319,"Sales",1,60600,23,6
1320,"Engineering",1,60700,27,22
1321,"Operations",2,84000,27,17
1322,"HR",5,86300,29,29
1323,"Sales",2,71100,16,19
1324,"Engineering",1,80000,29,12
1325,"Finance",1,68900,26,7
1326,"Engineering",2,86900,30,18
1327,"IT",3,69700,13,18
1328,"Marketing",1,60100,21,2
1329,"IT",2,105300,24,8
1330,"Engineering",1,58800,27,14
1331,"Sales",1,92900,22,12
1332,"Finance",2,71200,20,29
1333,"Sales",4,60300,30,10
1334,"Finance",3,70400,21,10
1335,"Engineering",4,68200,16,24
1336,"Operations",3,73600,25,16
1337,"Engineering",1,83300,29,0
1338,"IT",3,78300,18,22
1339,"Marketing",2,56300,26,28
1340,"Operations",4,89200,13,26
1341,"IT",3,99600,26,18
1342,"Sales",4,90500,26,25
1343,"Engineering",5,61200,26,21
1344,"HR",2,59200,27,25
1345,"Marketing",2,77500,29,3
1346,"Engineering",5,78100,14,3
1347,"Marketing",5,63800,29,12
1348,"Sales",1,63900,29,11
1349,"Operations",4,96300,23,6
1350,"HR",1,65400,11,25
1351,"HR",5,50700,28,18
1352,"Engineering",3,77000,28,17
1353,"HR",5,64000,20,9
1354,"Engineering",1,78700,13,2
1355,"Marketing",3,72400,24,14
1356,"Marketing",3,65800,15,15
1357,"IT",1,80200,29,18
1358,"IT",2,96600,20,24
1359,"IT",5,94200,26,11
1360,"Operations",1,68800,23,21
1361,"HR",4,58300,13,21
1362,"IT",1,77300,25,2
1363,"HR",1,95800,27,29
1364,"Operations",1,54900,23,27
1365,"HR",4,69000,13,25
1366,"Engineering",4,73800,23,13
1367,"Engineering",4,76200,12,24
1368,"HR",2,51600,19,24
1369,"HR",4,59600,10,1
1370,"Sales",1,63200,17,3
1371,"Engineering",5,95200,17,16
1372,"Marketing",5,72400,26,18
1373,"Engineering",4,89900,19,17
1374,"Engineering",2,90100,21,30
1375,"Finance",4,68900,29,11
1376,"HR",4,50100,12,28
1377,"Engineering",5,88600,10,16
1378,"IT",5,72200,16,11
1379,"HR",5,76000,29,12
1380,"Sales",4,94700,20,30
1381,"Finance",4,74800,14,12
1382,"Finance",1,63000,21,18
1383,"Operations",5,57600,20,26
1384,"Marketing",1,72100,10,14
1385,"Sales",3,85800,22,7
1386,"Sales",3,52300,13,19
1387,"IT",3,50500,26,10
1388,"HR",5,40500,25,14
1389,"Sales",5,73500,13,25
1390,"IT",2,60200,30,14
1391,"Operations",3,58000,12,29
1392,"Marketing",2,68700,14,24
1393,"HR",4,84200,12,28
1394,"HR",3,67800,23,7
1395,"Sales",3,73500,30,2
1396,"Finance",5,81500,21,6
1397,"HR",4,74900,19,17
1398,"Sales",4,41000,22,4
1399,"Marketing",3,94800,27,11
1400,"HR",3,60300,23,5
1401,"Operations",3,67300,12,30
1402,"HR",4,82000,30,5
1403,"Finance",1,46900,28,1
1404,"Marketing",1,60700,26,0
1405,"Finance",2,66600,23,5
1406,"Marketing",3,77200,19,14
1407,"HR",1,42100,18,24
1408,"Finance",2,80000,29,9
1409,"Engineering",3,68700,10,4
1410,"Operations",4,73600,24,20
1411,"Finance",2,75000,28,29
1412,"Engineering",4,55700,24,29
1413,"IT",1,80600,30,3
1414,"Operations",1,77300,28,1
1415,"HR",5,75600,26,7
1416,"Finance",1,78000,27,24
1417,"HR",2,80100,14,0
1418,"IT",5,70100,14,15
1419,"HR",3,63900,17,20
1420,"Finance",1,53600,30,21
1421,"Marketing",5,107100,26,23
1422,"Marketing",3,37100,23,21
1423,"IT",2,51700,16,14
1424,"IT",4,78000,20,28
1425,"Sales",4,84100,24,16
1426,"Finance",1,84900,24,4
1427,"Finance",2,81600,14,29
1428,"Engineering",3,92800,20,8
1429,"Operations",2,74900,18,16
1430,"Finance",3,54500,12,14
1431,"Operations",5,84200,24,20
1432,"Finance",3,81300,22,23
1433,"HR",2,43600,24,28
1434,"Finance",2,69500,17,26
1435,"Operations",4,68600,17,20
1436,"Operations",1,58100,26,20
1437,"Operations",4,83300,29,23
1438,"IT",2,93600,20,17
1439,"IT",4,82400,18,22
1440,"Marketing",3,85200,10,11
1441,"Operations",3,63400,29,4
1442,"Sales",2,62800,25,6
1443,"Sales",3,75500,30,1
1444,"IT",5,85200,28,21
1445,"Sales",2,48500,28,15
1446,"IT",1,52400,22,21
1447,"Marketing",5,56200,15,14
1448,"Marketing",1,89400,12,9
1449,"HR",4,60700,19,21
1450,"Marketing",5,72900,25,0
1451,"Finance",5,77300,19,20
1452,"Sales",2,102600,24,25
1453,"Marketing",3,40500,19,26
1454,"IT",3,75100,12,22
1455,"HR",5,87200,23,21
1456,"Marketing",2,71800,13,4
1457,"Operations",2,92900,28,6
1458,"Finance",5,63900,26,12
1459,"IT",2,76400,25,26
1460,"HR",3,51200,15,16
1461,"Finance",1,75300,19,2
1462,"Engineering",5,63500,20,26
1463,"Marketing",1,95600,15,9
1464,"Operations",4,57600,17,15
1465,"Finance",5,90600,23,11
1466,"HR",5,77400,17,18
1467,"IT",3,83500,28,16
1468,"Engineering",1,62000,21,3
1469,"Operations",5,75700,18,18
1470,"HR",4,69100,10,26
1471,"Marketing",1,83600,20,2
1472,"Sales",3,58800,23,12
1473,"IT",5,70600,19,16
1474,"Sales",4,57300,29,1
1475,"IT",4,66200,26,9
1476,"Sales",2,75800,12,13
1477,"Engineering",5,68000,23,26
1478,"Sales",4,86200,26,13
1479,"HR",5,44400,11,24
1480,"HR",3,56200,10,24
1481,"Engineering",5,40200,13,24
1482,"IT",5,30300,30,2
1483,"Marketing",1,76800,11,20
1484,"HR",2,60300,19,24
1485,"Sales",3,80900,19,24
1486,"HR",4,51400,10,16
1487,"Engineering",3,59800,22,19
1488,"Operations",2,59100,10,14
1489,"HR",5,80900,24,20
1490,"Finance",4,61800,15,8
1491,"Engineering",1,55300,11,2
1492,"Operations",5,67400,12,29
1493,"Sales",4,65100,16,1
1494,"Marketing",1,95300,16,29
1495,"Sales",1,67900,13,13
1496,"IT",1,63400,10,30
1497,"Sales",2,87700,28,13
1498,"Sales",1,85100,25,0
1499,"IT",2,70000,15,10
1500,"IT",5,82700,13,5
1501,"Marketing",3,61200,15,2
1502,"Operations",2,83700,23,19
1503,"Finance",3,56400,20,22
1504,"Sales",1,81700,14,22
1505,"Finance",1,86700,23,30
1506,"IT",4,58700,26,22
1507,"Finance",3,57900,30,11
1508,"Finance",4,79000,18,6
1509,"HR",4,54800,28,20
1510,"HR",5,65700,29,22
1511,"IT",3,68000,20,14
1512,"Operations",3,57000,17,8
1513,"Sales",3,46500,22,27
1514,"Sales",4,89100,29,21
1515,"HR",2,61100,23,13
1516,"HR",5,48600,11,26
1517,"IT",4,69400,21,19
1518,"Sales",3,86400,23,15
1519,"Marketing",5,96600,20,6
1520,"Engineering",1,77200,27,3
1521,"IT",2,77500,24,25
1522,"IT",2,66200,23,22
1523,"Operations",3,85200,30,23
1524,"Engineering",4,101700,10,24
1525,"Operations",5,80100,11,13
1526,"Engineering",5,67000,23,7
1527,"Sales",3,39000,15,26
1528,"Finance",3,54900,17,23
1529,"Sales",4,60200,13,15
1530,"Sales",4,79500,11,1
1531,"Operations",1,68600,14,12
1532,"Sales",1,77700,17,4
1533,"IT",1,41700,14,26
1534,"Operations",4,68900,16,18
1535,"Engineering",2,73800,27,1
1536,"Marketing",3,62300,24,20
1537,"HR",2,70800,19,7
1538,"Finance",3,83300,29,26
1539,"Operations",3,68100,22,25
1540,"Finance",4,56500,27,4
1541,"Operations",1,72300,10,6
1542,"Operations",3,74300,15,24
1543,"Sales",3,42400,17,18
1544,"Engineering",1,65500,18,22
1545,"HR",4,50400,10,10
1546,"Finance",3,84400,27,7
1547,"Marketing",4,61100,20,19
1548,"IT",3,48100,24,26
1549,"Sales",4,70300,17,4
1550,"Finance",5,82000,19,19
1551,"Finance",4,51500,13,22
1552,"IT",4,95100,19,22
1553,"Sales",4,59800,27,23
1554,"Sales",1,84900,27,19
1555,"HR",4,99000,14,10
1556,"Sales",3,57100,14,13
1557,"Finance",3,61900,11,22
1558,"Marketing",4,63100,25,22
1559,"HR",3,71300,17,23
1560,"Engineering",1,58900,11,6
1561,"IT",4,63300,28,16
1562,"Finance",2,35500,26,6
1563,"Operations",1,66500,24,13
1564,"Sales",3,73000,18,7
1565,"Finance",2,80700,28,2
1566,"Marketing",3,77100,10,24
1567,"HR",4,85400,14,6
1568,"IT",2,104800,29,21
1569,"Finance",1,47900,13,8
1570,"HR",4,85100,28,22
1571,"Sales",1,45500,29,2
1572,"HR",2,79800,24,2
1573,"Marketing",2,72800,26,1
1574,"IT",3,57900,18,14
1575,"IT",5,82500,10,25
1576,"Finance",3,92900,10,29
1577,"Marketing",1,69100,23,14
1578,"Engineering",5,74700,21,15
1579,"Operations",5,63900,20,2
1580,"Sales",5,71200,11,17
1581,"HR",4,55200,13,27
1582,"IT",5,61400,13,2
1583,"Marketing",1,38600,18,9
1584,"Engineering",2,61100,13,21
1585,"IT",5,77300,23,13
1586,"Sales",1,73000,15,30
1587,"Engineering",3,94500,12,29
1588,"Engineering",4,70200,20,0
1589,"Marketing",1,94700,18,9
1590,"Marketing",1,71800,18,21
1591,"Operations",4,39100,11,12
1592,"Sales",5,55400,23,19
1593,"Sales",2,68800,30,16
1594,"Engineering",1,72400,18,26
1595,"Sales",4,59500,18,2
1596,"Sales",4,61800,12,7
1597,"IT",2,57200,25,5
1598,"Sales",4,34900,23,2
1599,"HR",1,92400,26,4
1600,"Sales",2,58200,28,6
1601,"Operations",4,90400,16,8
1602,"Marketing",2,85700,10,13
1603,"Operations",1,70600,14,20
1604,"Finance",2,54400,22,9
1605,"Marketing",2,40200,16,9
1606,"HR",2,63500,21,7
1607,"IT",3,71800,25,28
1608,"Engineering",2,104100,29,21
1609,"Marketing",5,85800,20,25
1610,"Marketing",4,73900,25,15
1611,"IT",2,71900,18,4
1612,"IT",5,86600,25,13
1613,"Operations",2,88600,22,9
1614,"Finance",5,53900,24,19
1615,"HR",3,56400,30,22
1616,"Finance",5,79800,15,29
1617,"Sales",4,44900,30,17
1618,"Engineering",3,91800,18,3
1619,"HR",4,58000,17,10
1620,"Engineering",3,53200,24,2
1621,"IT",2,75600,22,24
1622,"Engineering",4,60700,22,15
1623,"Sales",3,42300,24,20
1624,"Sales",4,76700,11,24
1625,"IT",2,95500,25,10
1626,"Finance",2,56400,14,5
1627,"Marketing",1,58900,28,25
1628,"Sales",4,70100,11,7
1629,"Engineering",3,63900,24,29
1630,"Finance",5,82100,28,10
1631,"HR",1,67700,28,20
1632,"IT",2,93300,10,6
1633,"Marketing",5,67700,20,12
1634,"Operations",1,66100,13,21
1635,"Engineering",1,84300,14,27
1636,"Operations",1,53600,14,25
1637,"Sales",1,59200,18,8
1638,"Sales",2,59600,11,28
1639,"IT",3,83000,28,16
1640,"IT",1,87000,18,8
1641,"Operations",3,79300,17,25
1642,"Finance",5,66400,13,3
1643,"Sales",3,55000,28,10
1644,"HR",5,32000,24,2
1645,"Sales",1,66000,11,10
1646,"Engineering",3,53100,24,20
1647,"Sales",2,89300,12,1
1648,"Finance",3,74600,24,17
1649,"Engineering",5,77100,14,26
1650,"HR",4,61900,26,10
1651,"HR",1,72400,28,14
1652,"Marketing",2,76600,12,18
1653,"Engineering",4,93900,26,1
1654,"Operations",5,66400,26,6
1655,"IT",3,63900,19,16
1656,"Operations",1,84900,25,25
1657,"HR",1,61800,30,0
1658,"Engineering",2,75300,13,23
1659,"Engineering",5,105900,11,5
1660,"Finance",4,78400,19,11
1661,"Marketing",2,66100,22,19
1662,"IT",5,59700,28,7
1663,"Engineering",5,55000,21,16
1664,"Engineering",5,77500,29,16
1665,"Sales",4,51900,28,9
1666,"Sales",3,84200,21,20
1667,"Engineering",4,71000,20,3
1668,"Sales",3,77200,29,22
1669,"Engineering",5,92700,29,11
1670,"Operations",3,82200,14,24
1671,"HR",2,63100,13,19
1672,"Sales",4,76600,10,13
1673,"IT",5,69800,22,14
1674,"Operations",3,69100,17,13
1675,"IT",1,76000,27,19
1676,"Finance",4,74500,11,13
1677,"IT",5,83900,26,22
1678,"Engineering",4,93900,25,11
1679,"HR",3,80100,22,19
1680,"HR",5,67800,27,0
1681,"Sales",2,98900,25,30
1682,"Engineering",3,54700,27,13
1683,"Sales",4,72800,23,21
1684,"Marketing",2,64100,28,13
1685,"Marketing",4,72900,28,0
1686,"Marketing",5,74100,16,25
1687,"Marketing",2,57800,29,8
1688,"Operations",1,90200,16,4
1689,"Engineering",1,60300,29,23
1690,"Finance",1,86100,18,15
1691,"Finance",4,55200,19,10
1692,"Marketing",4,87500,12,12
1693,"Engineering",1,50100,23,19
1694,"Finance",5,78300,19,7
1695,"Engineering",1,85900,26,8
1696,"HR",3,87500,27,0
1697,"Operations",4,56600,26,20
1698,"Engineering",5,93900,27,7
1699,"Sales",1,82400,16,27
1700,"HR",3,79300,12,0
1701,"Engineering",3,61000,11,1
1702,"Sales",1,80400,23,8
1703,"IT",4,40800,19,7
1704,"Operations",5,52200,18,4
1705,"IT",5,63700,11,29
1706,"Engineering",4,44600,28,24
1707,"Finance",1,71300,26,15
1708,"Sales",2,57300,12,5
1709,"Sales",5,70500,19,7
1710,"Sales",2,91200,13,3
1711,"HR",3,74600,10,20
1712,"Operations",3,90800,11,23
1713,"IT",3,63200,16,1
1714,"Finance",1,47800,30,8
1715,"HR",1,84200,12,7
1716,"Finance",4,46000,15,12
1717,"HR",3,49900,13,23
1718,"Operations",3,43700,12,16
1719,"Marketing",4,87100,18,4
1720,"Engineering",4,69000,24,0
1721,"IT",5,68000,29,20
1722,"Sales",4,57500,18,20
1723,"HR",3,51600,10,9
1724,"IT",2,74500,24,20
1725,"Operations",2,44200,10,30
1726,"Sales",1,83300,27,30
1727,"Engineering",5,59900,17,0
1728,"Engineering",1,102200,25,0
1729,"Sales",5,47600,17,21
1730,"Engineering",5,54100,25,23
1731,"IT",3,60500,10,15
1732,"Finance",1,53000,24,30
1733,"IT",4,52500,18,15
1734,"Sales",5,92400,12,10
1735,"Finance",4,116900,24,11
1736,"IT",4,76200,15,18
1737,"Engineering",2,61600,30,6
1738,"HR",4,72200,28,29
1739,"HR",3,50100,23,22
1740,"Sales",1,66300,20,15
1741,"Operations",4,67100,24,11
1742,"Operations",4,74000,17,3
1743,"Finance",1,86600,18,15
1744,"Sales",5,72300,26,4
1745,"Operations",3,55700,29,23
1746,"Marketing",3,55800,17,15
1747,"Sales",5,95600,27,16
1748,"Marketing",5,75000,15,7
1749,"Engineering",2,78900,15,20
1750,"Finance",4,86000,20,18
1751,"HR",4,64200,22,25
1752,"HR",1,57700,21,28
1753,"Engineering",5,78000,18,20
1754,"HR",5,74800,27,11
1755,"HR",1,66400,24,19
1756,"HR",4,64300,20,17
1757,"Marketing",2,43600,17,28
1758,"Operations",1,82600,25,1
1759,"Finance",3,81100,22,2
1760,"Finance",1,53500,23,8
1761,"Marketing",1,73000,16,5
1762,"Sales",4,62800,27,7
1763,"Finance",3,66400,24,0
1764,"Sales",4,52500,23,2
1765,"HR",3,97900,27,30
1766,"HR",5,77500,19,23
1767,"IT",1,48100,12,20
1768,"Engineering",4,60000,16,26
1769,"Marketing",3,41000,22,12
1770,"Sales",1,62500,16,7
1771,"HR",1,83600,27,5
1772,"Marketing",3,55000,28,11
1773,"Marketing",5,82600,25,27
1774,"Engineering",2,98400,18,29
1775,"Engineering",4,66700,11,13
1776,"IT",4,44500,26,5
1777,"IT",4,57000,12,1
1778,"HR",4,26800,25,15
1779,"Marketing",5,99900,25,14
1780,"Engineering",2,47400,20,13
1781,"Operations",5,57400,25,14
1782,"Operations",2,83900,26,5
1783,"Marketing",3,62100,27,25
1784,"HR",3,57900,17,0
1785,"Marketing",4,60000,12,4
1786,"Engineering",3,61700,20,2
1787,"Finance",1,75500,26,2
1788,"Marketing",1,65800,18,3
1789,"HR",3,84200,19,7
1790,"Engineering",1,72500,18,23
1791,"HR",5,54300,30,6
1792,"Marketing",3,54800,30,10
1793,"Marketing",4,55900,14,22
1794,"HR",4,99200,10,22
1795,"Marketing",3,90900,18,30
1796,"HR",2,65800,12,23
1797,"IT",1,75700,11,13
1798,"Marketing",1,81800,26,3
1799,"Marketing",2,47800,14,16
1800,"Operations",2,56900,21,0
1801,"HR",3,63300,19,30
1802,"Operations",4,80600,23,14
1803,"Operations",2,57400,29,25
1804,"Operations",2,65100,19,25
1805,"Marketing",1,84100,26,23
1806,"Operations",5,68100,26,6
1807,"Sales",2,52800,16,14
1808,"Finance",5,53700,29,27
1809,"Engineering",5,58300,12,18
1810,"Engineering",2,62300,24,12
1811,"IT",2,71500,15,21
1812,"Sales",1,41100,12,20
1813,"Operations",4,87500,30,30
1814,"Sales",5,75000,16,29
1815,"IT",5,76700,25,16
1816,"HR",3,78700,15,22
1817,"Sales",2,54800,23,16
1818,"Finance",4,85900,27,26
1819,"Sales",5,63100,25,18
1820,"Finance",3,65200,28,7
1821,"Finance",2,76500,30,18
1822,"Engineering",4,97900,23,22
1823,"HR",3,65600,11,20
1824,"Sales",1,97100,30,4
1825,"HR",4,62800,27,14
1826,"Sales",5,83800,12,23
1827,"Operations",2,51500,25,26
1828,"Sales",2,89900,24,23
1829,"Operations",1,41800,19,22
1830,"Engineering",5,60500,14,0
1831,"HR",3,84300,24,0
1832,"Sales",1,80000,20,23
1833,"Finance",2,73100,15,30
1834,"Finance",5,65700,28,29
1835,"IT",2,55100,17,22
1836,"Finance",5,64800,14,28
1837,"Operations",1,59100,22,18
1838,"Finance",3,96600,29,25
1839,"IT",3,114800,20,19
1840,"HR",3,57700,20,3
1841,"Finance",5,55400,28,5
1842,"HR",3,54000,12,10
1843,"Finance",1,52700,23,6
1844,"Marketing",1,33500,22,19
1845,"Finance",5,56100,11,13
1846,"IT",1,62300,22,6
1847,"Sales",5,58700,30,17
1848,"Sales",4,70800,29,19
1849,"Engineering",4,85600,24,20
1850,"Engineering",5,71800,11,23
1851,"Operations",3,82700,30,27
1852,"Sales",4,86000,18,23
1853,"Marketing",2,49100,11,6
1854,"HR",3,46500,22,6
1855,"IT",5,55500,13,14
1856,"Engineering",3,56700,24,9
1857,"Sales",5,75800,27,24
1858,"Finance",2,48800,23,0
1859,"Marketing",4,81100,25,9
1860,"HR",4,71200,22,6
1861,"HR",1,82000,22,30
1862,"Marketing",5,56900,23,1
1863,"Engineering",2,71400,17,25
1864,"IT",5,77800,10,11
1865,"Operations",3,56200,16,14
1866,"IT",2,78700,12,21
1867,"Operations",2,64900,16,19
1868,"Finance",2,78500,14,2
1869,"Operations",3,68400,22,18
1870,"Finance",1,86300,14,0
1871,"IT",3,86800,27,1
1872,"HR",1,80700,23,7
1873,"Finance",1,67200,17,3
1874,"IT",3,69300,21,24
1875,"Engineering",1,83200,21,21
1876,"Sales",5,75700,29,10
1877,"Marketing",4,81700,27,1
1878,"Sales",4,69300,14,2
1879,"Engineering",5,80000,15,21
1880,"Marketing",1,40400,17,10
1881,"Marketing",5,73500,15,27
1882,"Sales",5,43600,23,23
1883,"Finance",5,54400,19,17
1884,"Marketing",4,74700,22,23
1885,"HR",4,51600,28,29
1886,"Finance",5,71300,21,6
1887,"Marketing",2,59600,21,30
1888,"Marketing",3,74100,26,23
1889,"Engineering",3,68600,13,14
1890,"Operations",4,67700,24,14
1891,"HR",2,102100,20,20
1892,"Operations",3,60300,15,30
1893,"HR",3,61200,22,9
1894,"HR",4,67600,27,9
1895,"Operations",1,96100,23,19
1896,"Sales",1,66200,13,12
1897,"Marketing",4,46500,22,20
1898,"Marketing",5,59800,18,13
1899,"Sales",1,49100,15,29
1900,"IT",2,78100,25,19
1901,"Engineering",3,44400,28,29
1902,"IT",3,78200,28,7
1903,"Marketing",2,54900,25,27
1904,"Engineering",5,62700,28,15
1905,"Engineering",2,66600,23,5
1906,"Operations",5,60100,30,20
1907,"HR",4,64100,23,10
1908,"Finance",2,89600,16,29
1909,"Operations",3,48700,10,16
1910,"Marketing",1,99900,17,3
1911,"Engineering",1,86600,15,27
1912,"Engineering",1,53700,15,9
1913,"Marketing",3,76200,21,9
1914,"HR",1,63400,30,14
1915,"IT",1,68600,26,3
1916,"Marketing",4,51400,29,18
1917,"Engineering",4,78400,19,29
1918,"HR",2,55600,21,10
1919,"Marketing",4,65700,21,9
1920,"Sales",2,51900,23,14
1921,"Engineering",2,70100,23,4
1922,"Engineering",3,74500,29,17
1923,"Finance",2,71700,12,15
1924,"Sales",5,79100,29,9
1925,"Finance",3,45500,29,4
1926,"Engineering",1,89500,10,21
1927,"Engineering",2,60600,21,23
1928,"Operations",5,79900,29,12
1929,"Operations",3,65500,25,22
1930,"Operations",4,75200,10,7
1931,"Marketing",1,83300,20,2
1932,"IT",4,100400,16,18
1933,"HR",5,51400,12,29
1934,"Finance",2,100300,12,4
1935,"HR",2,75900,22,18
1936,"Operations",4,84400,17,8
1937,"IT",5,45700,18,5
1938,"IT",4,64900,15,1
1939,"Operations",5,64600,26,27
1940,"IT",4,85800,21,23
1941,"Engineering",3,60900,27,7
1942,"HR",1,75000,30,28
1943,"HR",1,65900,29,8
1944,"Operations",1,50200,17,22
1945,"Operations",4,62900,27,14
1946,"Operations",1,101500,15,27
1947,"Marketing",1,65600,23,0
1948,"Marketing",1,48600,11,3
1949,"HR",1,100800,15,23
1950,"IT",5,62100,19,10
1951,"Engineering",5,72500,11,7
1952,"IT",3,88200,26,16
1953,"IT",1,83800,29,8
1954,"IT",5,59200,25,14
1955,"Engineering",2,67600,11,8
1956,"IT",5,104400,11,13
1957,"HR",3,58300,18,4
1958,"Engineering",1,81300,25,4
1959,"Operations",1,77900,16,4
1960,"Operations",2,70900,13,3
1961,"Marketing",3,79700,16,9
1962,"IT",2,66400,13,11
1963,"Marketing",1,68100,20,23
1964,"Marketing",5,74600,25,29
1965,"HR",2,78500,22,28
1966,"Engineering",2,73700,17,14
1967,"Sales",4,56900,23,12
1968,"Marketing",2,55600,12,14
1969,"Operations",5,53700,14,4
1970,"Marketing",5,55300,15,15
1971,"Finance",1,61500,27,12
1972,"Marketing",2,60300,23,26
1973,"Marketing",5,69000,20,9
1974,"Marketing",4,62800,27,21
1975,"Engineering",5,79600,10,16
1976,"Marketing",4,71000,29,23
1977,"Marketing",5,80100,16,6
1978,"Sales",2,53200,23,10
1979,"Operations",1,67600,28,6
1980,"Engineering",1,55800,21,17
1981,"IT",5,52600,19,8
1982,"Marketing",5,68100,25,7
1983,"Operations",5,84400,11,19
1984,"Operations",4,58200,27,5
1985,"IT",5,77600,13,16
1986,"IT",1,99600,27,26
1987,"Engineering",4,85000,23,28
1988,"Marketing",2,54800,30,5
1989,"Sales",4,63300,17,3
1990,"IT",5,66200,10,9
1991,"Marketing",5,95800,19,14
1992,"Operations",2,58600,14,18
1993,"IT",5,88700,26,30
1994,"Sales",2,48200,29,13
1995,"Marketing",3,61200,12,6
1996,"Marketing",5,47100,24,3
1997,"Sales",5,60400,25,3
1998,"Engineering",2,71300,22,0
1999,"Operations",1,38900,14,19
2000,"Engineering",5,74200,25,2
2001,"HR",1,89900,30,10
2002,"Engineering",4,83600,28,19
2003,"Marketing",4,81100,15,1
2004,"Sales",2,54800,25,13
2005,"Sales",4,58200,19,21
2006,"Engineering",2,54500,20,26
2007,"HR",2,90500,16,25
2008,"Sales",2,80300,23,7
2009,"HR",2,41900,20,5
2010,"IT",1,79400,19,4
2011,"Marketing",3,74700,19,16
2012,"Operations",2,47900,20,9
2013,"Marketing",1,42700,23,17
2014,"Finance",2,77800,29,13
2015,"HR",3,65400,28,23
2016,"Operations",3,73300,30,10
2017,"Finance",1,54500,15,17
2018,"Operations",5,58600,16,16
2019,"IT",3,80300,18,29
2020,"IT",5,52900,10,27
2021,"Engineering",3,80200,22,28
2022,"IT",4,72600,17,11
2023,"Sales",2,85400,12,18
2024,"Sales",3,87200,24,28
2025,"Engineering",5,46200,28,2
2026,"Engineering",2,85800,16,29
2027,"Engineering",3,61900,23,23
2028,"Operations",5,54500,25,16
2029,"Finance",4,99100,16,0
2030,"Finance",4,60600,30,27
2031,"Finance",5,73000,23,1
2032,"HR",1,71800,17,7
2033,"Sales",3,62800,14,20
2034,"IT",1,80200,30,20
2035,"Engineering",1,85600,29,12
2036,"Operations",2,86900,24,26
2037,"IT",3,69500,27,9
2038,"HR",3,32000,29,2
2039,"IT",1,73600,27,7
2040,"Finance",4,59000,19,6
2041,"Operations",2,57500,20,5
2042,"Engineering",1,83600,30,4
2043,"Operations",1,63800,30,21
2044,"Finance",1,52700,11,5
2045,"Finance",4,58000,30,26
2046,"HR",4,94200,16,3
2047,"HR",2,46200,30,28
2048,"Finance",4,54200,28,29
2049,"Marketing",4,70700,20,22
2050,"Engineering",3,60900,12,13
2051,"Sales",4,84400,23,4
2052,"HR",1,89500,22,25
2053,"Sales",2,94500,20,21
2054,"HR",5,94800,13,15
2055,"Operations",3,72000,17,30
2056,"Sales",1,56600,16,18
2057,"HR",5,74800,17,5
2058,"Sales",4,74600,30,29
2059,"HR",3,87700,26,19
2060,"IT",3,58100,10,11
2061,"Marketing",5,86900,29,20
2062,"HR",4,77400,16,30
2063,"IT",2,34300,14,29
2064,"Operations",1,89600,16,16
2065,"Engineering",5,60000,16,24
2066,"HR",1,70700,30,16
2067,"Finance",5,88000,19,25
2068,"Sales",1,80400,17,11
2069,"IT",2,79400,23,18
2070,"Marketing",4,71700,24,13
2071,"Sales",4,87800,30,7
2072,"Sales",2,64800,14,5
2073,"Marketing",1,77800,22,29
2074,"HR",3,66800,16,3
2075,"Engineering",3,87800,25,27
2076,"Finance",5,59500,17,2
2077,"HR",2,65700,24,4
2078,"Marketing",2,79800,10,22
2079,"Sales",5,71100,11,29
2080,"HR",5,57900,28,6
2081,"Operations",2,79900,11,26
2082,"Marketing",1,72900,18,24
2083,"Finance",1,90300,30,28
2084,"Operations",1,76300,14,16
2085,"Marketing",3,82800,24,5
2086,"HR",5,58400,16,23
2087,"Engineering",4,83600,10,8
2088,"Sales",2,78700,16,28
2089,"Marketing",1,73800,23,10
2090,"Engineering",1,73700,12,18
2091,"IT",4,79500,16,0
2092,"Engineering",2,60900,14,28
2093,"Operations",2,63600,27,10
2094,"HR",1,51000,17,29
2095,"Marketing",3,81800,16,20
2096,"Engineering",3,61700,28,12
2097,"Marketing",5,75700,22,17
2098,"Sales",5,66800,19,16
2099,"Engineering",3,30200,21,22
2100,"Sales",4,72800,16,13
2101,"Finance",5,71200,22,25
2102,"Operations",1,59400,21,29
2103,"Finance",2,68200,25,19
2104,"Operations",3,69100,27,17
2105,"Operations",1,67400,28,16
2106,"HR",2,58900,27,28
2107,"HR",5,63700,29,13
2108,"Sales",5,82300,29,19
2109,"Finance",1,43800,23,23
2110,"Engineering",5,86000,10,2
2111,"HR",2,82200,22,13
2112,"HR",2,56500,11,18
2113,"IT",2,107000,27,9
2114,"Sales",1,48900,28,21
2115,"Marketing",4,54300,23,1
2116,"Sales",4,55200,22,24
2117,"Operations",5,76600,19,19
2118,"Marketing",4,70000,26,16
2119,"IT",5,72000,21,20
2120,"Operations",5,65200,17,5
2121,"IT",2,57900,30,28
2122,"Sales",1,40900,20,30
2123,"HR",5,79500,27,12
2124,"Operations",2,83700,22,0
2125,"Finance",1,57800,11,12
2126,"Engineering",1,68500,27,1
2127,"IT",3,66200,22,25
2128,"Finance",1,58900,11,0
2129,"IT",4,58400,17,0
2130,"Marketing",5,82900,20,16
2131,"Marketing",1,66800,30,11
2132,"Finance",1,65300,14,5
2133,"Sales",5,56700,16,16
2134,"Operations",5,69900,28,10
2135,"IT",4,66500,11,20
2136,"IT",5,28300,24,6
2137,"IT",5,90900,27,19
2138,"HR",2,62100,20,17
2139,"HR",1,85100,16,0
2140,"HR",3,77100,20,20
2141,"HR",2,67400,19,9
2142,"Finance",1,73300,28,20
2143,"Marketing",5,67200,14,26
2144,"HR",1,60900,24,5
2145,"HR",5,76600,18,24
2146,"Operations",3,76200,16,12
2147,"IT",3,92000,22,27
2148,"Operations",4,88600,24,14
2149,"Engineering",4,76000,19,9
2150,"Marketing",2,73100,16,18
2151,"Engineering",5,68400,25,12
2152,"Operations",4,80800,23,30
2153,"IT",3,52700,11,11
2154,"Operations",5,65900,23,29
2155,"Sales",3,84400,12,1
2156,"Marketing",5,66000,20,6
2157,"Engineering",4,64700,16,17
2158,"Engineering",2,74000,23,26
2159,"IT",3,77700,28,22
2160,"IT",3,71100,26,4
2161,"IT",5,60900,13,12
2162,"Finance",3,61400,17,14
2163,"IT",3,66000,30,20
2164,"Sales",4,46700,17,20
2165,"Engineering",5,79500,13,26
2166,"HR",2,94100,20,19
2167,"Finance",1,80100,13,2
2168,"HR",3,43600,14,19
2169,"Finance",3,50000,14,10
2170,"Finance",4,72100,28,11
2171,"Finance",2,74400,22,20
2172,"HR",5,67200,12,11
2173,"HR",5,54700,20,28
2174,"Finance",5,89300,16,0
2175,"HR",5,70200,23,1
2176,"Finance",2,74500,18,7
2177,"Operations",4,60300,23,2
2178,"Finance",4,56200,26,3
2179,"Marketing",1,81100,28,6
2180,"Finance",3,58600,12,11
2181,"Engineering",3,53200,29,15
2182,"Operations",1,95300,23,30
2183,"HR",2,54600,11,17
2184,"Engineering",2,70600,29,17
2185,"Sales",3,88300,13,8
2186,"Engineering",1,56000,11,21
2187,"Finance",5,68700,16,25
2188,"Finance",1,54400,16,8
2189,"IT",2,58700,11,1
2190,"Engineering",3,57000,19,13
2191,"Sales",1,85900,25,27
2192,"Sales",3,77700,13,12
2193,"Operations",4,44800,23,17
2194,"Marketing",1,45500,26,23
2195,"Operations",1,55400,10,20
2196,"Marketing",2,87900,21,8
2197,"Operations",1,67600,19,16
2198,"IT",1,76600,20,30
2199,"Engineering",3,66100,26,4
2200,"Marketing",2,59300,30,4
2201,"IT",1,65800,30,15
2202,"Marketing",3,92400,17,26
2203,"Engineering",1,48500,28,0
2204,"HR",4,58700,13,27
2205,"Operations",5,75800,27,3
2206,"Operations",4,73400,17,15
2207,"Engineering",1,66600,26,16
2208,"Finance",4,64400,28,22
2209,"Engineering",5,77500,16,20
2210,"Marketing",1,73700,10,22
2211,"Finance",5,90900,17,11
2212,"Finance",3,62300,27,4
2213,"Engineering",5,57500,11,28
2214,"Marketing",4,24500,22,14
2215,"Sales",5,50200,21,6
2216,"Sales",5,89600,25,30
2217,"HR",2,100600,27,30
2218,"Finance",1,40800,18,26
2219,"Sales",1,75400,10,30
2220,"Sales",1,41300,21,0
2221,"Marketing",3,75800,20,1
2222,"HR",1,97800,21,30
2223,"HR",2,59000,30,2
2224,"HR",4,68800,28,3
2225,"Operations",4,69900,28,10
2226,"HR",5,90200,22,29
2227,"Marketing",3,73800,15,6
2228,"HR",2,62200,24,11
2229,"Engineering",3,71200,22,18
2230,"IT",1,54400,25,14
2231,"HR",1,57100,24,19
2232,"IT",1,76800,12,26
2233,"Marketing",4,40800,14,3
2234,"HR",4,67300,11,15
2235,"HR",3,62000,10,18
2236,"HR",3,49800,16,24
2237,"Operations",3,55100,23,18
2238,"IT",3,91000,12,10
2239,"Finance",5,38900,22,19
2240,"Engineering",4,67300,18,5
2241,"Finance",3,73000,22,2
2242,"IT",1,68000,24,28
2243,"Sales",2,84200,12,16
2244,"Finance",2,62700,22,26
2245,"Finance",2,82800,14,17
2246,"Marketing",5,76800,30,25
2247,"HR",2,103300,27,13
2248,"Operations",5,54500,21,13
2249,"IT",5,54900,14,29
2250,"Operations",3,100500,21,18
2251,"HR",1,66900,27,30
2252,"HR",4,69200,22,30
2253,"Finance",2,84000,10,27
2254,"IT",5,58700,22,15
2255,"Marketing",4,69100,17,11
2256,"Sales",5,46100,21,6
2257,"Engineering",2,60900,18,26
2258,"HR",1,54100,20,19
2259,"Sales",3,64200,17,23
2260,"Finance",5,94700,11,13
2261,"IT",1,99800,17,23
2262,"Engineering",1,76600,22,8
2263,"HR",5,78800,24,13
2264,"Operations",1,58500,26,13
2265,"IT",4,56700,14,6
2266,"Marketing",4,58900,18,15
2267,"Finance",5,67000,18,26
2268,"HR",4,60700,18,26
2269,"IT",3,71100,22,27
2270,"Engineering",4,62900,27,29
2271,"Finance",5,71600,25,30
2272,"Sales",1,93400,27,18
2273,"Sales",2,47600,13,14
2274,"IT",4,81600,28,20
2275,"IT",1,50200,25,1
2276,"Marketing",4,72100,24,11
2277,"IT",4,65000,16,1
2278,"HR",4,46900,22,29
2279,"Operations",5,83300,28,12
2280,"Marketing",5,66600,28,22
2281,"Marketing",3,72500,12,18
2282,"Sales",2,61800,25,5
2283,"Sales",3,89900,12,18
2284,"IT",5,68600,25,10
2285,"Engineering",3,41900,13,3
2286,"Sales",5,72600,19,14
2287,"IT",2,63600,22,14
2288,"HR",1,61000,12,6
2289,"HR",5,67200,15,28
2290,"Finance",4,65800,12,15
2291,"Sales",3,56600,21,21
2292,"HR",2,40200,21,25
2293,"Operations",5,83000,23,0
2294,"Finance",3,74700,16,18
2295,"Finance",1,69500,19,25
2296,"Engineering",1,58500,13,10
2297,"Finance",3,69100,26,30
2298,"Marketing",3,94800,22,21
2299,"Finance",3,79900,13,24
2300,"Finance",2,66000,23,17
2301,"Finance",3,65200,21,20
2302,"Marketing",5,64500,21,10
2303,"Sales",1,68800,11,9
2304,"Engineering",2,77000,30,27
2305,"Finance",2,83000,20,7
2306,"Sales",5,64500,27,8
2307,"IT",2,45100,18,17
2308,"Marketing",3,73100,14,1
2309,"HR",1,48200,22,3
2310,"Operations",5,66700,19,12
2311,"Engineering",1,43700,10,2
2312,"IT",3,113000,27,29
2313,"Engineering",4,77200,30,20
2314,"Engineering",4,80100,24,13
2315,"Engineering",4,62500,28,11
2316,"IT",1,76100,14,8
2317,"Finance",4,70100,13,22
2318,"Sales",4,62900,10,2
2319,"Engineering",4,96900,17,25
2320,"Engineering",5,48200,16,30
2321,"Engineering",4,60300,26,6
2322,"Finance",4,66600,17,8
2323,"Sales",5,68400,26,9
2324,"Operations",3,94700,21,24
2325,"Marketing",4,69600,24,17
2326,"Finance",5,63800,24,2
2327,"Engineering",3,51800,15,16
2328,"Finance",4,81800,12,17
2329,"HR",4,41100,29,22
2330,"Sales",4,79400,20,11
2331,"IT",2,40500,23,2
2332,"Engineering",2,57400,18,3
2333,"Marketing",1,65100,17,15
2334,"Operations",1,72600,11,7
2335,"IT",2,57000,13,18
2336,"Sales",5,58400,29,2
2337,"Marketing",5,83000,21,10
2338,"HR",1,72400,23,3
2339,"Operations",3,61200,22,6
2340,"Marketing",5,103300,25,12
2341,"Engineering",3,50100,14,30
2342,"Operations",4,66700,27,30
2343,"Engineering",2,90600,23,8
2344,"Marketing",4,55800,10,12
2345,"IT",1,61800,21,26
2346,"IT",4,84800,21,8
2347,"Operations",3,41000,21,18
2348,"HR",3,66700,24,29
2349,"Sales",2,78300,22,21
2350,"Sales",2,90200,21,27
2351,"Finance",5,66500,10,22
2352,"Marketing",5,56500,30,8
2353,"Sales",2,80000,24,3
2354,"Sales",1,53100,15,27
2355,"Engineering",3,69500,21,22
2356,"Marketing",5,77000,20,3
2357,"Finance",2,85200,12,12
2358,"Operations",5,83300,24,12
2359,"Operations",4,83800,28,29
2360,"Finance",3,84200,19,1
2361,"Marketing",1,90300,30,24
2362,"IT",5,72500,28,0
2363,"Finance",4,73700,16,11
2364,"Engineering",3,79700,21,27
2365,"Marketing",4,51300,19,14
2366,"Operations",2,66500,22,20
2367,"IT",4,71400,19,1
2368,"Operations",1,92800,28,16
2369,"Sales",2,91200,22,9
2370,"IT",2,88400,25,29
2371,"Engineering",3,76000,25,1
2372,"Marketing",5,61700,18,0
2373,"Finance",3,85200,11,24
2374,"Finance",5,29000,17,30
2375,"Marketing",2,62000,27,0
2376,"Marketing",4,59800,22,16
2377,"HR",4,94000,15,17
2378,"HR",5,66800,11,16
2379,"Finance",5,87000,26,28
2380,"HR",4,68600,14,16
2381,"Operations",4,68700,21,3
2382,"HR",1,100700,30,0
2383,"HR",3,61800,22,13
2384,"IT",5,57900,28,7
2385,"Sales",1,52900,11,30
2386,"HR",1,64800,10,14
2387,"Finance",1,82800,27,9
2388,"Engineering",2,62900,11,12
2389,"Operations",3,71600,23,5
2390,"IT",4,105300,11,6
2391,"Operations",1,69300,22,2
2392,"IT",1,63100,20,18
2393,"Engineering",3,74500,27,24
2394,"Marketing",5,49500,24,21
2395,"IT",4,57700,14,23
2396,"HR",2,79300,14,16
2397,"IT",1,82900,29,12
2398,"IT",2,79500,19,12
2399,"HR",5,87000,29,25
2400,"Sales",5,91600,28,8
2401,"IT",4,72000,10,14
2402,"Finance",1,56700,18,25
2403,"Finance",3,64700,10,28
2404,"IT",5,71100,12,11
2405,"Sales",2,83500,23,14
2406,"Engineering",4,86900,22,16
2407,"HR",4,68600,12,8
2408,"Finance",5,62300,27,28
2409,"Marketing",2,58300,22,15
2410,"Finance",1,82500,29,4
2411,"Operations",5,64900,10,9
2412,"Sales",5,23300,18,6
2413,"Marketing",4,80900,21,13
2414,"HR",4,87900,12,11
2415,"Marketing",1,66600,10,14
2416,"IT",2,55300,26,4
2417,"IT",1,66000,11,13
2418,"Operations",5,79500,15,4
2419,"Engineering",3,75500,18,18
2420,"Marketing",5,73000,20,8
2421,"Engineering",3,68900,16,23
2422,"Operations",4,64400,10,25
2423,"Sales",5,67900,20,30
2424,"Operations",2,55300,27,20
2425,"Sales",3,75900,29,29
2426,"IT",5,62000,19,18
2427,"Finance",1,88600,25,21
2428,"Sales",3,93300,20,17
2429,"Marketing",1,57300,15,27
2430,"IT",3,72200,10,23
2431,"IT",5,52400,21,21
2432,"IT",2,55800,25,15
2433,"Marketing",1,52300,26,11
2434,"IT",1,70500,15,17
2435,"Sales",5,81400,17,15
2436,"HR",1,71700,27,21
2437,"Engineering",4,73500,18,17
2438,"Operations",5,68200,14,27
2439,"Sales",5,40800,30,18
2440,"Finance",4,75900,22,8
2441,"Finance",4,76300,22,8
2442,"Marketing",4,47700,16,29
2443,"Marketing",5,65300,27,13
2444,"Marketing",3,59400,22,29
2445,"HR",2,78200,21,0
2446,"Finance",2,79400,10,19
2447,"Marketing",3,48900,20,1
2448,"IT",2,72300,30,5
2449,"IT",1,72400,29,20
2450,"Operations",5,51200,22,1
2451,"Finance",1,65100,24,23
2452,"Finance",4,49600,19,18
2453,"Operations",2,50400,14,20
2454,"Marketing",4,68500,15,10
2455,"Marketing",3,99200,23,27
2456,"IT",4,85500,19,2
2457,"Finance",1,98200,28,11
2458,"IT",2,71600,13,15
2459,"HR",5,71600,19,11
2460,"Sales",5,82200,18,10
2461,"IT",2,67400,17,19
2462,"Operations",5,92900,14,0
2463,"Operations",4,74600,14,19
2464,"Operations",5,35400,19,15
2465,"Engineering",4,65100,29,0
2466,"HR",2,47700,26,6
2467,"Finance",1,95600,13,22
2468,"HR",1,65200,19,11
2469,"Operations",5,89600,15,15
2470,"Marketing",1,53000,30,11
2471,"IT",5,73700,14,0
2472,"Engineering",3,50900,17,19
2473,"Finance",3,37600,13,4
2474,"Engineering",5,53600,30,11
2475,"Marketing",5,80400,15,14
2476,"IT",5,62400,11,5
2477,"Engineering",4,95400,29,9
2478,"Sales",2,92300,23,24
2479,"Operations",1,72100,19,18
2480,"IT",4,75500,18,14
2481,"Finance",1,56600,21,15
2482,"Operations",5,48900,15,6
2483,"Operations",3,82300,24,12
2484,"Finance",4,94300,27,7
2485,"Operations",3,88000,14,2
2486,"IT",1,83400,26,12
2487,"Engineering",1,58100,18,11
2488,"Engineering",4,55100,12,25
2489,"Sales",1,69500,26,29
2490,"IT",3,79200,21,14
2491,"Marketing",1,73700,25,0
2492,"Engineering",4,80200,18,30
2493,"Engineering",5,71900,20,0
2494,"Marketing",2,48500,28,23
2495,"Sales",5,94600,17,18
2496,"Engineering",3,59600,16,23
2497,"HR",1,65900,29,30
2498,"IT",1,58900,22,20
2499,"IT",4,94500,18,2
2500,"HR",2,54800,17,30
2501,"Operations",2,90500,12,30
2502,"IT",4,69200,30,9
2503,"HR",1,73400,30,7
2504,"IT",1,88300,10,28
2505,"Operations",2,66700,20,27
2506,"Finance",2,75500,19,6
2507,"Engineering",2,89300,15,10
2508,"Engineering",4,91900,19,7
2509,"Operations",2,37900,25,7
2510,"Sales",2,85200,23,27
2511,"Operations",5,29800,27,2
2512,"Operations",5,68200,12,0
2513,"Operations",4,55600,15,9
2514,"HR",4,91500,10,14
2515,"Marketing",3,91500,10,8
2516,"Engineering",4,64400,23,26
2517,"Operations",3,69500,24,12
2518,"Sales",3,98900,12,1
2519,"Marketing",3,82000,25,22
2520,"Marketing",1,63500,26,12
2521,"Marketing",1,77900,28,21
2522,"Engineering",5,67700,16,29
2523,"Finance",1,71700,10,1
2524,"IT",2,71400,17,15
2525,"Operations",1,93600,20,14
2526,"Engineering",3,86900,12,20
2527,"Operations",4,81400,28,1
2528,"HR",4,68100,20,5
2529,"Engineering",3,59600,27,1
2530,"Engineering",2,61600,14,3
2531,"Operations",2,69900,16,20
2532,"IT",1,49300,24,2
2533,"IT",3,78100,19,19
2534,"Operations",4,46800,10,14
2535,"IT",2,87300,26,21
2536,"Operations",4,55000,30,28
2537,"Engineering",5,51800,12,17
2538,"Finance",3,40300,16,12
2539,"Sales",2,68100,25,25
2540,"Operations",4,82700,23,17
2541,"Operations",2,60100,16,13
2542,"Engineering",2,57400,16,6
2543,"Sales",3,74200,28,12
2544,"Sales",3,72000,27,5
2545,"Sales",1,56000,21,25
2546,"Engineering",4,53000,29,10
2547,"Marketing",2,69400,18,1
2548,"IT",1,51100,17,27
2549,"Operations",1,74000,30,2
2550,"Sales",1,38700,23,16
2551,"Marketing",3,84600,17,7
2552,"Finance",3,81400,18,25
2553,"Operations",1,47500,29,8
2554,"Finance",3,65800,25,16
2555,"Marketing",5,86400,24,4
2556,"Sales",4,97000,26,24
2557,"IT",3,69000,17,26
2558,"HR",2,66100,10,1
2559,"Finance",1,81300,29,0
2560,"Finance",1,51100,28,28
2561,"Operations",5,81300,24,10
2562,"Sales",2,39800,19,1
2563,"Finance",3,70000,18,10
2564,"HR",2,80300,25,21
2565,"Engineering",1,40700,26,1
2566,"Sales",1,94700,13,16
2567,"Finance",3,62200,23,18
2568,"Engineering",4,83500,30,1
2569,"Operations",2,66700,16,25
2570,"Marketing",1,68000,27,30
2571,"Marketing",3,61600,11,22
2572,"HR",4,44200,20,4
2573,"Marketing",2,88100,10,5
2574,"Finance",4,60200,10,3
2575,"IT",4,86600,13,20
2576,"Engineering",3,57700,24,20
2577,"Finance",1,63600,15,0
2578,"Engineering",2,71700,17,0
2579,"Finance",1,62600,22,25
2580,"Operations",2,56900,26,6
2581,"Sales",2,67200,29,20
2582,"Engineering",5,97500,25,28
2583,"IT",5,74200,18,23
2584,"HR",3,34000,14,6
2585,"Operations",1,69400,18,13
2586,"Engineering",1,43900,23,10
2587,"Marketing",1,82300,20,29
2588,"Sales",4,68000,10,26
2589,"Finance",3,80400,10,20
2590,"Operations",5,79500,30,21
2591,"HR",2,83000,19,0
2592,"Sales",5,86700,24,30
2593,"Operations",5,56800,29,13
2594,"Marketing",4,74000,24,2
2595,"Sales",4,44900,28,0
2596,"Engineering",4,79700,27,23
2597,"Marketing",4,87400,26,25
2598,"Finance",5,85200,20,5
2599,"Marketing",4,65700,16,19
2600,"Sales",5,56300,10,19
2601,"Marketing",4,81800,12,8
2602,"HR",1,60200,11,25
2603,"Marketing",4,65100,28,28
2604,"IT",1,71200,27,18
2605,"IT",1,68100,16,25
2606,"Engineering",4,69400,25,19
2607,"Operations",2,57000,30,19
2608,"HR",4,51700,21,3
2609,"Finance",4,74000,17,2
2610,"Engineering",5,87300,20,3
2611,"Marketing",1,66700,25,29
2612,"Operations",1,59700,11,20
2613,"Engineering",3,56900,21,24
2614,"Engineering",2,65100,25,27
2615,"Marketing",1,49700,30,1
2616,"Operations",3,69000,14,26
2617,"HR",1,79100,15,26
2618,"Operations",2,87800,24,7
2619,"HR",4,61600,19,12
2620,"Operations",1,65600,21,10
2621,"Finance",1,57800,29,18
2622,"Sales",3,68600,10,13
2623,"Operations",1,74500,20,16
2624,"Engineering",4,83500,10,20
2625,"Sales",4,71200,16,10
2626,"Finance",2,64100,27,20
2627,"Operations",3,78600,23,21
2628,"Marketing",3,87600,21,2
2629,"Marketing",4,74700,27,23
2630,"Operations",3,90500,27,28
2631,"Operations",3,90700,25,18
2632,"HR",5,73300,19,29
2633,"IT",1,79500,26,25
2634,"Marketing",2,27700,10,28
2635,"Engineering",3,79900,16,12
2636,"Finance",5,1e+05,13,18
2637,"Sales",2,59600,11,26
2638,"Operations",1,72600,23,20
2639,"IT",1,55400,15,19
2640,"IT",1,81500,22,30
2641,"Finance",2,66900,12,26
2642,"HR",5,68300,24,4
2643,"Sales",2,90400,18,24
2644,"Marketing",5,78800,28,6
2645,"HR",5,56900,21,20
2646,"IT",5,66200,29,18
2647,"Marketing",5,77200,18,26
2648,"Operations",4,65000,10,18
2649,"HR",2,60200,26,6
2650,"IT",5,84100,29,24
2651,"Finance",2,62900,20,17
2652,"Finance",5,77500,10,20
2653,"Sales",4,58700,15,29
2654,"Operations",1,63300,23,3
2655,"Sales",3,64700,12,6
2656,"Operations",1,79900,16,3
2657,"Marketing",3,91700,18,13
2658,"IT",3,59600,17,7
2659,"Engineering",4,71900,29,16
2660,"Finance",5,96600,21,27
2661,"Engineering",4,50400,12,20
2662,"IT",2,87300,21,29
2663,"Engineering",3,66100,27,4
2664,"HR",3,73400,14,20
2665,"HR",3,95200,11,4
2666,"IT",3,73200,13,20
2667,"IT",2,72100,23,16
2668,"Engineering",2,83300,18,0
2669,"IT",3,69400,17,20
2670,"HR",2,75000,28,29
2671,"Finance",2,77600,26,10
2672,"HR",2,93000,19,20
2673,"Operations",5,65900,28,25
2674,"Operations",2,68900,14,6
2675,"HR",2,78700,16,24
2676,"Operations",3,59800,16,12
2677,"Finance",5,81300,11,14
2678,"Operations",3,71000,14,16
2679,"Operations",3,88200,12,27
2680,"Operations",3,67300,30,4
2681,"IT",4,60600,22,4
2682,"Sales",2,84000,16,24
2683,"HR",4,90900,29,3
2684,"IT",2,67300,17,2
2685,"HR",5,64800,17,24
2686,"Operations",4,69300,30,10
2687,"HR",4,48900,15,10
2688,"Operations",2,113100,27,18
2689,"Marketing",5,64900,27,17
2690,"IT",4,83600,24,8
2691,"Engineering",1,60400,14,25
2692,"IT",1,110300,10,4
2693,"Operations",3,81000,14,11
2694,"HR",3,36100,29,4
2695,"Engineering",2,53700,16,16
2696,"Engineering",1,49300,12,1
2697,"Operations",4,72600,28,5
2698,"HR",2,77700,16,20
2699,"Finance",3,83200,21,17
2700,"Sales",1,57600,24,27
2701,"HR",1,77600,10,2
2702,"Sales",1,85900,13,16
2703,"Engineering",5,73600,10,2
2704,"Marketing",4,92500,12,5
2705,"IT",2,96500,17,5
2706,"HR",5,88800,21,5
2707,"Marketing",3,94300,30,18
2708,"Operations",4,83500,28,21
2709,"Finance",4,96700,27,8
2710,"IT",2,84100,12,1
2711,"Operations",3,62400,14,22
2712,"Engineering",5,61500,14,24
2713,"Sales",5,51000,15,20
2714,"HR",2,35500,14,30
2715,"Operations",4,62000,25,16
2716,"HR",5,85500,28,19
2717,"Marketing",4,50700,29,15
2718,"Finance",5,62100,21,12
2719,"IT",3,77000,27,27
2720,"Marketing",3,86400,24,21
2721,"Operations",5,88900,15,7
2722,"Operations",4,67500,21,0
2723,"HR",1,40400,21,25
2724,"Operations",5,74400,30,27
2725,"Engineering",3,90000,11,23
2726,"IT",3,84300,25,24
2727,"Finance",1,46700,30,23
2728,"HR",3,72200,23,9
2729,"Marketing",5,78500,19,24
2730,"Operations",3,68200,11,12
2731,"Operations",3,58500,15,14
2732,"Engineering",4,50600,30,20
2733,"IT",3,72300,29,9
2734,"IT",3,37100,24,19
2735,"Marketing",1,84400,11,10
2736,"Finance",2,73300,20,25
2737,"Engineering",3,62100,17,18
2738,"IT",1,56800,27,4
2739,"Finance",1,79000,12,29
2740,"Engineering",2,98100,28,30
2741,"Finance",1,79200,17,16
2742,"IT",5,68200,19,0
2743,"Operations",2,84000,14,25
2744,"Sales",1,59100,23,12
2745,"Engineering",1,86300,15,1
2746,"Finance",4,70700,20,0
2747,"Sales",5,64700,17,10
2748,"Operations",3,80600,19,10
2749,"Operations",4,95700,16,16
2750,"IT",4,80900,15,19
2751,"Operations",2,80800,26,27
2752,"Engineering",5,67700,30,12
2753,"Operations",4,96400,18,1
2754,"HR",3,59400,12,13
2755,"Engineering",3,68200,23,3
2756,"Operations",5,63600,30,21
2757,"Operations",5,56900,17,10
2758,"Operations",5,71900,10,30
2759,"Marketing",2,74300,12,1
2760,"Finance",1,63900,11,25
2761,"Sales",4,82200,22,13
2762,"IT",5,55700,15,6
2763,"HR",5,64400,21,29
2764,"Engineering",3,82500,18,3
2765,"Marketing",2,45400,18,6
2766,"Engineering",2,78800,27,18
2767,"Operations",2,59600,29,10
2768,"Sales",5,73900,25,2
2769,"Engineering",3,69400,22,7
2770,"Operations",5,72500,14,18
2771,"Operations",2,74800,26,11
2772,"Marketing",2,70200,16,12
2773,"Sales",4,77000,16,26
2774,"Operations",1,101600,18,4
2775,"IT",2,108600,24,17
2776,"Operations",3,94400,24,9
2777,"IT",3,62800,28,9
2778,"Sales",5,65200,12,1
2779,"HR",1,78400,13,10
2780,"IT",1,56400,16,11
2781,"Sales",3,57000,10,27
2782,"Marketing",3,70200,21,4
2783,"Finance",1,69400,10,2
2784,"Sales",1,82600,20,5
2785,"Engineering",5,25200,21,15
2786,"Finance",3,56200,10,14
2787,"Sales",3,73600,27,24
2788,"Operations",2,64500,26,23
2789,"Engineering",1,61300,26,7
2790,"Operations",4,60200,23,15
2791,"Engineering",3,86300,16,21
2792,"Finance",4,68100,28,12
2793,"Marketing",4,66800,25,23
2794,"Engineering",4,84400,13,28
2795,"Marketing",4,80600,26,25
2796,"HR",4,67700,10,9
2797,"Sales",2,66900,25,16
2798,"Marketing",3,82500,15,1
2799,"IT",5,62000,16,13
2800,"Sales",5,49500,14,25
2801,"Marketing",1,84000,17,18
2802,"IT",4,41300,21,20
2803,"Sales",5,86600,30,10
2804,"Sales",3,73600,13,10
2805,"Engineering",3,54200,20,13
2806,"HR",5,47600,11,9
2807,"Finance",4,50200,11,15
2808,"Sales",3,51000,16,17
2809,"Operations",4,74100,17,7
2810,"Sales",2,57500,30,7
2811,"HR",1,64200,11,20
2812,"HR",2,70100,21,12
2813,"HR",1,61000,22,11
2814,"Operations",1,64100,28,28
2815,"HR",2,53700,26,22
2816,"Engineering",5,89000,20,13
2817,"Sales",1,51800,22,4
2818,"Sales",3,100800,17,9
2819,"HR",2,67600,21,16
2820,"Engineering",1,71900,30,14
2821,"Finance",4,67300,16,14
2822,"Marketing",4,66600,28,6
2823,"Sales",5,59100,21,11
2824,"Finance",3,53100,14,22
2825,"Finance",1,71100,30,28
2826,"Sales",2,63900,11,0
2827,"Engineering",4,79400,10,18
2828,"IT",5,37000,22,14
2829,"IT",5,54200,23,12
2830,"Engineering",1,91200,20,17
2831,"Finance",2,60200,18,20
2832,"IT",1,113300,27,28
2833,"HR",2,80400,12,6
2834,"Operations",4,65800,16,28
2835,"Engineering",4,68300,20,22
2836,"Sales",2,88200,16,4
2837,"Engineering",1,67900,18,15
2838,"Sales",5,71200,28,13
2839,"HR",2,61900,11,27
2840,"Sales",2,52800,14,10
2841,"Sales",2,83700,15,23
2842,"Sales",5,82100,27,6
2843,"HR",1,60500,20,21
2844,"Marketing",4,75200,19,2
2845,"Engineering",2,81000,21,6
2846,"Operations",5,57800,10,8
2847,"Sales",5,81400,16,7
2848,"Sales",3,84800,22,20
2849,"Engineering",4,72500,19,19
2850,"IT",2,87600,16,16
2851,"HR",5,78100,24,22
2852,"HR",2,67700,14,30
2853,"HR",3,77000,27,4
2854,"IT",4,60900,11,12
2855,"Finance",3,83600,12,23
2856,"Operations",2,111100,26,5
2857,"Operations",3,60100,25,27
2858,"HR",2,64400,17,27
2859,"Finance",1,79200,28,25
2860,"IT",3,66700,14,1
2861,"Finance",5,67500,20,12
2862,"Marketing",2,75300,30,3
2863,"Engineering",5,80700,27,20
2864,"HR",2,45300,19,5
2865,"Finance",1,76500,23,24
2866,"Sales",2,70200,18,23
2867,"Finance",1,67400,27,25
2868,"HR",3,78700,18,27
2869,"Marketing",5,53500,13,16
2870,"Finance",2,74400,26,30
2871,"HR",1,66100,20,4
2872,"IT",4,91000,25,9
2873,"Finance",4,60400,16,24
2874,"HR",3,70100,29,15
2875,"Sales",4,44000,28,19
2876,"Marketing",2,90200,14,19
2877,"Engineering",4,75500,28,17
2878,"Engineering",1,80400,16,11
2879,"IT",4,62200,18,27
2880,"HR",4,74100,29,18
2881,"Marketing",1,99300,27,10
2882,"Engineering",1,72100,26,26
2883,"Sales",2,72600,20,4
2884,"Finance",2,64100,20,9
2885,"Finance",5,81000,19,12
2886,"IT",1,72900,30,9
2887,"Finance",1,84000,18,6
2888,"Marketing",4,52700,23,21
2889,"Sales",5,43800,27,15
2890,"Finance",5,76800,11,20
2891,"Engineering",3,47400,20,1
2892,"IT",3,70100,25,29
2893,"Sales",5,77400,19,10
2894,"Sales",3,78200,20,7
2895,"Engineering",3,49100,20,30
2896,"Sales",1,76900,28,29
2897,"Finance",4,73600,15,2
2898,"Sales",5,65800,26,29
2899,"Finance",4,70500,27,7
2900,"Finance",3,93600,29,15
2901,"IT",1,69200,21,25
2902,"Sales",2,82000,25,16
2903,"Engineering",2,78500,19,12
2904,"IT",1,85500,14,23
2905,"HR",4,95100,12,16
2906,"Marketing",2,69400,22,13
2907,"Engineering",5,66400,12,14
2908,"Marketing",1,80900,17,19
2909,"Marketing",5,92400,17,26
2910,"HR",5,75000,10,25
2911,"HR",3,63400,12,23
2912,"HR",3,77100,13,24
2913,"Sales",4,99400,12,28
2914,"Engineering",4,70400,14,26
2915,"Marketing",2,65100,23,17
2916,"Finance",3,65300,13,25
2917,"IT",1,64400,22,13
2918,"HR",3,78200,27,16
2919,"Finance",3,55700,21,24
2920,"Marketing",2,54900,12,11
2921,"Finance",3,54300,11,13
2922,"Sales",1,84800,29,2
2923,"Engineering",1,65900,12,18
2924,"IT",3,84800,17,15
2925,"Sales",1,72300,15,25
2926,"Sales",3,82300,25,17
2927,"Sales",3,96300,23,3
2928,"HR",5,54200,19,19
2929,"HR",4,72400,28,17
2930,"Engineering",3,104900,22,21
2931,"Sales",2,78400,30,29
2932,"Operations",3,87100,26,6
2933,"Engineering",4,54300,25,18
2934,"Operations",4,62300,27,13
2935,"Marketing",4,59400,18,28
2936,"IT",1,58800,11,12
2937,"Operations",2,57700,29,16
2938,"Sales",1,74900,10,0
2939,"IT",2,92100,21,26
2940,"Engineering",4,64800,30,23
2941,"IT",2,50300,12,19
2942,"Operations",2,64100,18,7
2943,"Sales",1,63600,25,3
2944,"HR",5,53000,30,29
2945,"Sales",3,81600,12,17
2946,"Sales",5,84500,21,3
2947,"Operations",5,47900,14,2
2948,"Operations",5,72600,30,27
2949,"Operations",4,81800,19,18
2950,"Marketing",2,66500,19,11
2951,"IT",5,58700,19,28
2952,"Finance",2,88100,19,7
2953,"Sales",1,77600,30,0
2954,"Sales",5,63700,26,23
2955,"IT",4,76900,23,0
2956,"Operations",1,63300,20,1
2957,"Operations",2,64000,18,20
2958,"HR",5,76200,11,11
2959,"IT",2,71800,24,23
2960,"HR",4,53400,11,3
2961,"Sales",3,79500,14,0
2962,"Marketing",5,88400,16,10
2963,"Operations",2,67400,22,16
2964,"HR",2,67100,22,26
2965,"Sales",4,81100,19,12
2966,"HR",2,90000,14,28
2967,"Operations",2,71700,23,11
2968,"Engineering",1,91700,29,29
2969,"HR",1,85900,22,14
2970,"Finance",3,71800,23,27
2971,"IT",1,41600,15,23
2972,"IT",4,63000,28,8
2973,"Engineering",4,71900,18,19
2974,"Operations",3,77900,15,30
2975,"Sales",2,57300,27,12
2976,"Finance",3,56500,28,24
2977,"Operations",5,47200,10,29
2978,"Engineering",4,66400,10,5
2979,"Engineering",3,51400,30,5
2980,"Marketing",1,74100,19,16
2981,"IT",1,50300,21,7
2982,"Engineering",1,59200,18,7
2983,"HR",1,55300,24,17
2984,"IT",4,54700,20,9
2985,"HR",2,76600,11,15
2986,"HR",4,41000,18,13
2987,"Finance",1,62400,29,10
2988,"Engineering",1,62600,23,30
2989,"Operations",2,72400,23,9
2990,"IT",4,73300,13,9
2991,"Marketing",2,63000,24,5
2992,"IT",5,109600,20,20
2993,"Sales",2,62400,30,7
2994,"Marketing",1,76400,20,22
2995,"Finance",2,64700,11,18
2996,"Marketing",4,90200,17,0
2997,"HR",4,32800,15,12
2998,"IT",1,71300,12,16
2999,"Finance",1,86000,29,1
3000,"Marketing",3,49900,26,6
