"year","employee_id","engagement"
2024,1,4
2023,2,5
2018,3,4
2021,4,1
2024,5,2
2018,6,2
2019,7,4
2021,8,5
2020,9,3
2020,10,2
2024,11,3
2022,12,4
2020,13,5
2024,14,2
2023,15,3
2024,16,3
2022,17,5
2021,18,5
2021,19,4
2021,20,5
2018,21,4
2018,22,3
2023,23,2
2024,24,1
2024,25,3
2019,26,3
2019,27,5
2020,28,1
2021,29,5
2020,30,5
2018,31,5
2021,32,1
2022,33,1
2024,34,1
2024,35,2
2024,36,3
2024,37,4
2020,38,1
2021,39,4
2020,40,2
2018,41,4
2019,42,5
2018,43,3
2024,44,1
2018,45,1
2019,46,4
2024,47,3
2020,48,3
2019,49,3
2021,50,2
2019,51,2
2018,52,4
2019,53,2
2021,54,5
2019,55,5
2022,56,4
2021,57,3
2024,58,5
2022,59,2
2023,60,4
2020,61,2
2019,62,5
2018,63,5
2023,64,4
2019,65,1
2018,66,5
2020,67,2
2021,68,1
2020,69,5
2022,70,4
2024,71,1
2024,72,5
2020,73,1
2024,74,5
2021,75,5
2021,76,1
2019,77,5
2020,78,2
2019,79,1
2018,80,3
2022,81,5
2019,82,3
2018,83,3
2022,84,1
2024,85,3
2020,86,5
2020,87,2
2023,88,3
2023,89,2
2022,90,3
2023,91,5
2019,92,4
2023,93,4
2018,94,5
2021,95,1
2018,96,4
2018,97,3
2021,98,4
2021,99,1
2022,100,1
2019,101,2
2019,102,4
2020,103,5
2023,104,5
2023,105,1
2020,106,1
2020,107,5
2019,108,1
2021,109,4
2019,110,4
2024,111,1
2018,112,2
2021,113,2
2023,114,3
2023,115,4
2021,116,1
2019,117,4
2019,118,5
2023,119,4
2021,120,3
2019,121,1
2023,122,5
2024,123,3
2019,124,2
2019,125,5
2022,126,3
2023,127,3
2022,128,5
2024,129,3
2019,130,1
2024,131,1
2021,132,1
2018,133,5
2018,134,4
2022,135,3
2019,136,5
2019,137,4
2018,138,5
2020,139,1
2019,140,5
2023,141,3
2024,142,2
2019,143,3
2019,144,5
2021,145,3
2020,146,4
2019,147,2
2022,148,5
2022,149,4
2019,150,1
2021,151,2
2021,152,3
2021,153,1
2018,154,4
2023,155,5
2023,156,5
2022,157,2
2022,158,4
2021,159,3
2018,160,3
2023,161,3
2023,162,2
2021,163,2
2019,164,2
2023,165,4
2019,166,4
2019,167,2
2020,168,5
2022,169,4
2019,170,2
2021,171,5
2019,172,1
2018,173,2
2021,174,4
2020,175,1
2023,176,3
2019,177,1
2023,178,2
2019,179,3
2018,180,3
2022,181,3
2024,182,4
2023,183,5
2022,184,1
2022,185,4
2023,186,4
2020,187,2
2022,188,4
2020,189,5
2023,190,1
2021,191,2
2024,192,1
2022,193,3
2021,194,4
2019,195,3
2019,196,3
2020,197,5
2024,198,2
2022,199,5
2020,200,4
2024,201,4
2024,202,1
2023,203,2
2018,204,3
2020,205,2
2020,206,4
2022,207,3
2021,208,3
2018,209,3
2022,210,4
2019,211,4
2023,212,5
2019,213,2
2024,214,3
2021,215,3
2022,216,1
2024,217,4
2021,218,4
2024,219,2
2018,220,3
2018,221,5
2022,222,2
2021,223,5
2018,224,1
2021,225,1
2018,226,1
2018,227,2
2024,228,1
2021,229,5
2023,230,2
2024,231,4
2024,232,2
2024,233,5
2022,234,3
2024,235,3
2022,236,5
2024,237,4
2024,238,3
2022,239,4
2018,240,4
2024,241,4
2021,242,3
2024,243,2
2024,244,3
2022,245,5
2021,246,4
2020,247,4
2022,248,2
2020,249,1
2022,250,3
2024,251,2
2019,252,2
2018,253,1
2023,254,2
2021,255,5
2024,256,2
2023,257,4
2019,258,2
2020,259,4
2020,260,5
2023,261,2
2018,262,4
2023,263,2
2020,264,5
2022,265,3
2018,266,5
2022,267,5
2024,268,2
2022,269,1
2022,270,4
2021,271,1
2020,272,2
2019,273,2
2022,274,1
2020,275,2
2022,276,5
2021,277,2
2023,278,2
2019,279,3
2024,280,4
2024,281,4
2018,282,1
2024,283,4
2018,284,4
2024,285,1
2020,286,3
2023,287,1
2023,288,4
2020,289,3
2023,290,5
2021,291,4
2018,292,5
2024,293,5
2020,294,4
2020,295,2
2019,296,2
2019,297,1
2022,298,4
2020,299,3
2022,300,4
2021,301,1
2022,302,4
2023,303,1
2018,304,3
2020,305,1
2021,306,2
2020,307,5
2022,308,3
2019,309,3
2023,310,1
2019,311,2
2023,312,2
2020,313,4
2018,314,4
2022,315,4
2023,316,4
2019,317,2
2023,318,3
2020,319,4
2023,320,2
2021,321,3
2023,322,1
2020,323,4
2018,324,2
2018,325,5
2022,326,5
2020,327,5
2018,328,5
2018,329,2
2024,330,5
2021,331,1
2022,332,2
2018,333,2
2023,334,1
2021,335,1
2021,336,5
2019,337,5
2021,338,1
2019,339,4
2019,340,4
2023,341,3
2018,342,4
2021,343,1
2019,344,1
2024,345,3
2019,346,5
2021,347,1
2022,348,4
2022,349,3
2018,350,2
2022,351,2
2018,352,1
2021,353,3
2020,354,1
2018,355,1
2020,356,1
2022,357,3
2022,358,1
2020,359,5
2021,360,5
2023,361,1
2018,362,2
2024,363,4
2019,364,4
2024,365,3
2024,366,2
2020,367,2
2024,368,4
2019,369,1
2021,370,5
2018,371,4
2019,372,1
2023,373,2
2024,374,2
2023,375,4
2020,376,3
2020,377,1
2022,378,4
2022,379,1
2018,380,1
2021,381,5
2020,382,2
2023,383,5
2022,384,2
2019,385,1
2019,386,3
2021,387,1
2024,388,5
2019,389,3
2022,390,1
2024,391,4
2024,392,1
2023,393,4
2020,394,5
2022,395,5
2023,396,3
2023,397,2
2020,398,4
2019,399,2
2022,400,1
2020,401,4
2020,402,3
2020,403,2
2024,404,5
2018,405,2
2018,406,1
2023,407,3
2023,408,5
2023,409,1
2021,410,4
2024,411,5
2018,412,4
2018,413,5
2022,414,4
2022,415,5
2018,416,3
2020,417,5
2021,418,5
2018,419,2
2021,420,2
2021,421,4
2020,422,5
2019,423,4
2018,424,5
2021,425,3
2019,426,3
2023,427,3
2023,428,2
2019,429,4
2023,430,5
2022,431,5
2024,432,3
2020,433,4
2018,434,3
2019,435,1
2019,436,2
2020,437,2
2024,438,1
2019,439,2
2024,440,3
2020,441,2
2023,442,3
2022,443,5
2018,444,5
2018,445,1
2023,446,3
2022,447,3
2020,448,5
2019,449,5
2023,450,1
2018,451,2
2020,452,4
2023,453,3
2020,454,4
2021,455,3
2021,456,2
2018,457,3
2021,458,3
2019,459,3
2021,460,3
2022,461,2
2020,462,4
2019,463,5
2020,464,5
2022,465,5
2022,466,2
2018,467,5
2021,468,5
2018,469,5
2021,470,2
2024,471,3
2022,472,4
2021,473,2
2022,474,2
2020,475,5
2022,476,3
2021,477,1
2024,478,3
2024,479,3
2018,480,4
2018,481,4
2019,482,2
2024,483,1
2021,484,4
2019,485,3
2020,486,5
2020,487,2
2019,488,4
2023,489,2
2024,490,1
2023,491,4
2022,492,2
2023,493,2
2018,494,4
2019,495,4
2024,496,4
2022,497,1
2024,498,2
2022,499,3
2022,500,3
2018,501,1
2021,502,5
2024,503,5
2019,504,2
2021,505,4
2019,506,2
2022,507,5
2020,508,3
2023,509,1
2020,510,1
2022,511,5
2018,512,1
2019,513,4
2024,514,2
2018,515,4
2018,516,3
2019,517,1
2019,518,3
2021,519,4
2019,520,3
2022,521,4
2019,522,1
2018,523,1
2018,524,2
2023,525,3
2022,526,2
2019,527,1
2021,528,4
2018,529,1
2024,530,3
2023,531,4
2024,532,2
2023,533,2
2024,534,3
2021,535,4
2018,536,1
2023,537,1
2024,538,1
2019,539,4
2022,540,5
2020,541,3
2018,542,3
2024,543,2
2022,544,4
2022,545,3
2019,546,4
2022,547,3
2024,548,3
2020,549,5
2019,550,2
2021,551,1
2020,552,5
2020,553,4
2024,554,3
2023,555,5
2023,556,2
2018,557,2
2022,558,2
2022,559,2
2018,560,2
2018,561,2
2020,562,2
2018,563,2
2020,564,1
2022,565,2
2021,566,4
2022,567,4
2020,568,4
2022,569,3
2018,570,2
2019,571,2
2022,572,5
2019,573,5
2024,574,1
2019,575,4
2020,576,4
2021,577,2
2019,578,2
2021,579,5
2022,580,2
2024,581,3
2018,582,3
2019,583,5
2022,584,4
2024,585,4
2024,586,4
2018,587,2
2024,588,4
2020,589,3
2019,590,2
2021,591,4
2020,592,3
2024,593,2
2021,594,2
2021,595,3
2023,596,2
2023,597,2
2023,598,2
2021,599,1
2019,600,3
2019,601,3
2020,602,4
2023,603,4
2018,604,4
2023,605,2
2022,606,1
2018,607,1
2019,608,4
2020,609,2
2019,610,2
2023,611,2
2020,612,2
2019,613,5
2019,614,2
2018,615,4
2019,616,3
2020,617,5
2021,618,1
2022,619,1
2021,620,5
2022,621,3
2018,622,1
2021,623,5
2024,624,5
2018,625,2
2023,626,5
2024,627,2
2020,628,3
2019,629,3
2019,630,5
2020,631,4
2024,632,1
2019,633,3
2020,634,1
2020,635,2
2024,636,3
2022,637,5
2024,638,4
2019,639,1
2020,640,4
2020,641,4
2022,642,2
2021,643,2
2022,644,3
2023,645,1
2022,646,4
2019,647,5
2021,648,3
2020,649,3
2024,650,1
2018,651,5
2020,652,3
2020,653,5
2022,654,1
2024,655,2
2022,656,2
2022,657,1
2022,658,2
2019,659,2
2018,660,4
2020,661,3
2020,662,1
2019,663,3
2024,664,4
2020,665,2
2024,666,1
2024,667,4
2022,668,4
2020,669,1
2022,670,1
2020,671,4
2018,672,5
2018,673,1
2019,674,5
2021,675,1
2018,676,4
2021,677,5
2018,678,1
2018,679,5
2022,680,3
2021,681,4
2018,682,4
2020,683,5
2019,684,4
2019,685,1
2018,686,3
2018,687,4
2022,688,5
2020,689,4
2020,690,3
2021,691,5
2019,692,1
2019,693,5
2022,694,2
2018,695,5
2021,696,4
2018,697,4
2018,698,5
2023,699,5
2019,700,5
2021,701,3
2024,702,3
2023,703,2
2024,704,3
2018,705,2
2019,706,5
2022,707,1
2023,708,5
2020,709,1
2023,710,3
2019,711,1
2022,712,4
2024,713,2
2018,714,5
2020,715,1
2019,716,5
2024,717,4
2020,718,3
2020,719,5
2023,720,3
2023,721,3
2019,722,4
2021,723,1
2024,724,5
2023,725,5
2018,726,3
2019,727,4
2020,728,4
2018,729,1
2020,730,2
2023,731,3
2018,732,1
2019,733,2
2018,734,5
2020,735,5
2024,736,1
2019,737,4
2023,738,5
2019,739,3
2019,740,4
2020,741,5
2018,742,4
2018,743,1
2019,744,3
2023,745,5
2021,746,3
2020,747,1
2024,748,2
2020,749,1
2024,750,5
2023,751,1
2020,752,3
2024,753,2
2019,754,2
2020,755,4
2022,756,1
2019,757,5
2021,758,3
2023,759,4
2019,760,1
2019,761,2
2022,762,5
2023,763,4
2022,764,1
2021,765,1
2019,766,2
2023,767,2
2021,768,5
2021,769,2
2020,770,2
2019,771,3
2024,772,1
2019,773,5
2019,774,3
2020,775,5
2022,776,2
2022,777,3
2024,778,5
2020,779,4
2018,780,4
2019,781,3
2023,782,5
2022,783,5
2020,784,2
2020,785,2
2020,786,1
2018,787,5
2024,788,4
2021,789,3
2024,790,1
2020,791,5
2023,792,1
2019,793,1
2024,794,5
2022,795,3
2022,796,5
2023,797,2
2023,798,2
2023,799,3
2018,800,4
2022,801,1
2024,802,5
2022,803,1
2024,804,3
2020,805,5
2018,806,5
2021,807,4
2018,808,3
2018,809,3
2023,810,1
2019,811,4
2021,812,2
2020,813,1
2022,814,5
2022,815,5
2019,816,5
2024,817,5
2020,818,1
2019,819,4
2022,820,2
2024,821,5
2023,822,4
2018,823,5
2020,824,3
2023,825,4
2024,826,3
2022,827,4
2024,828,5
2018,829,5
2021,830,5
2022,831,1
2022,832,2
2023,833,5
2018,834,5
2023,835,2
2020,836,1
2024,837,4
2022,838,2
2021,839,3
2022,840,2
2018,841,3
2019,842,5
2019,843,2
2018,844,3
2018,845,4
2021,846,5
2018,847,4
2018,848,1
2023,849,3
2019,850,5
2022,851,4
2024,852,4
2022,853,1
2023,854,1
2018,855,3
2019,856,1
2018,857,5
2020,858,4
2020,859,5
2022,860,1
2019,861,5
2019,862,1
2022,863,4
2020,864,1
2021,865,2
2020,866,5
2018,867,2
2024,868,5
2024,869,4
2018,870,3
2018,871,1
2019,872,4
2021,873,3
2018,874,1
2024,875,2
2023,876,3
2018,877,1
2022,878,4
2023,879,2
2018,880,2
2024,881,1
2020,882,5
2021,883,1
2020,884,5
2018,885,1
2023,886,1
2021,887,5
2023,888,1
2018,889,4
2018,890,4
2019,891,5
2024,892,4
2020,893,2
2024,894,1
2023,895,4
2018,896,3
2022,897,3
2022,898,4
2024,899,3
2018,900,4
2023,901,3
2023,902,4
2019,903,4
2021,904,5
2018,905,1
2019,906,3
2019,907,1
2018,908,3
2024,909,2
2024,910,5
2023,911,5
2022,912,3
2021,913,3
2023,914,3
2022,915,5
2023,916,5
2021,917,2
2021,918,5
2018,919,2
2024,920,5
2022,921,5
2021,922,5
2024,923,4
2024,924,2
2018,925,3
2024,926,4
2024,927,4
2023,928,4
2021,929,5
2022,930,5
2023,931,4
2020,932,2
2023,933,4
2024,934,2
2018,935,3
2021,936,5
2020,937,5
2023,938,5
2022,939,1
2023,940,2
2022,941,2
2022,942,4
2020,943,3
2024,944,5
2022,945,4
2023,946,2
2023,947,2
2022,948,2
2019,949,4
2023,950,2
2020,951,2
2022,952,5
2020,953,1
2018,954,2
2023,955,1
2023,956,3
2022,957,2
2020,958,2
2020,959,4
2023,960,5
2024,961,2
2023,962,4
2023,963,3
2020,964,4
2021,965,3
2024,966,2
2019,967,5
2021,968,2
2020,969,4
2022,970,4
2023,971,3
2019,972,3
2020,973,1
2024,974,4
2024,975,5
2022,976,4
2021,977,2
2023,978,3
2024,979,5
2023,980,4
2021,981,5
2020,982,5
2024,983,2
2023,984,4
2019,985,4
2024,986,1
2019,987,1
2024,988,4
2020,989,2
2018,990,1
2021,991,1
2020,992,3
2020,993,5
2020,994,5
2019,995,4
2020,996,5
2021,997,1
2022,998,5
2024,999,3
2022,1000,5
2021,1001,5
2018,1002,5
2021,1003,4
2020,1004,5
2018,1005,1
2024,1006,3
2023,1007,1
2019,1008,2
2023,1009,3
2021,1010,5
2021,1011,3
2019,1012,4
2022,1013,5
2023,1014,4
2023,1015,5
2019,1016,2
2023,1017,1
2019,1018,4
2020,1019,1
2019,1020,1
2023,1021,1
2020,1022,5
2023,1023,3
2018,1024,3
2018,1025,1
2018,1026,1
2019,1027,1
2018,1028,1
2021,1029,4
2021,1030,1
2021,1031,5
2021,1032,2
2021,1033,3
2021,1034,4
2018,1035,3
2020,1036,5
2021,1037,1
2020,1038,1
2024,1039,5
2020,1040,2
2024,1041,2
2023,1042,1
2022,1043,4
2023,1044,4
2020,1045,1
2020,1046,2
2018,1047,4
2023,1048,2
2020,1049,4
2022,1050,2
2018,1051,5
2021,1052,3
2021,1053,5
2020,1054,5
2020,1055,1
2021,1056,1
2018,1057,3
2022,1058,1
2023,1059,2
2022,1060,1
2022,1061,5
2024,1062,3
2023,1063,2
2019,1064,5
2018,1065,3
2018,1066,3
2018,1067,3
2019,1068,2
2020,1069,5
2024,1070,2
2018,1071,4
2018,1072,4
2020,1073,4
2018,1074,3
2018,1075,1
2020,1076,5
2019,1077,4
2024,1078,2
2020,1079,3
2020,1080,1
2018,1081,3
2022,1082,5
2019,1083,1
2018,1084,1
2022,1085,2
2024,1086,5
2024,1087,2
2024,1088,4
2023,1089,5
2024,1090,4
2022,1091,3
2021,1092,4
2024,1093,3
2019,1094,3
2021,1095,5
2021,1096,5
2018,1097,3
2019,1098,1
2021,1099,5
2018,1100,3
2020,1101,4
2024,1102,2
2018,1103,2
2020,1104,5
2024,1105,2
2019,1106,5
2019,1107,5
2020,1108,5
2018,1109,4
2018,1110,1
2024,1111,3
2022,1112,1
2020,1113,1
2018,1114,5
2022,1115,5
2019,1116,5
2019,1117,5
2018,1118,1
2024,1119,4
2021,1120,3
2020,1121,5
2021,1122,1
2024,1123,4
2022,1124,2
2022,1125,1
2024,1126,3
2019,1127,3
2021,1128,4
2021,1129,2
2023,1130,4
2024,1131,5
2024,1132,2
2020,1133,3
2024,1134,2
2019,1135,3
2021,1136,3
2018,1137,1
2019,1138,2
2020,1139,5
2024,1140,1
2022,1141,2
2019,1142,4
2024,1143,2
2018,1144,2
2020,1145,4
2021,1146,4
2020,1147,2
2024,1148,5
2018,1149,4
2019,1150,3
2021,1151,4
2019,1152,3
2023,1153,4
2024,1154,2
2022,1155,5
2019,1156,1
2018,1157,1
2019,1158,5
2021,1159,2
2020,1160,1
2022,1161,2
2024,1162,5
2022,1163,1
2019,1164,4
2024,1165,5
2021,1166,2
2020,1167,2
2020,1168,1
2019,1169,4
2022,1170,1
2022,1171,3
2019,1172,4
2022,1173,5
2023,1174,1
2018,1175,1
2018,1176,3
2024,1177,1
2023,1178,5
2019,1179,2
2022,1180,5
2024,1181,1
2021,1182,3
2022,1183,3
2021,1184,4
2020,1185,3
2024,1186,4
2023,1187,4
2021,1188,4
2018,1189,4
2019,1190,1
2020,1191,2
2019,1192,3
2021,1193,2
2022,1194,5
2024,1195,2
2020,1196,5
2022,1197,1
2022,1198,3
2020,1199,2
2019,1200,4
2020,1201,2
2021,1202,2
2024,1203,1
2020,1204,1
2019,1205,5
2018,1206,4
2023,1207,5
2021,1208,1
2019,1209,5
2022,1210,2
2018,1211,1
2024,1212,3
2021,1213,1
2024,1214,2
2019,1215,3
2022,1216,2
2022,1217,3
2018,1218,2
2024,1219,2
2021,1220,2
2024,1221,4
2023,1222,4
2019,1223,5
2021,1224,4
2024,1225,2
2022,1226,4
2022,1227,5
2023,1228,3
2018,1229,1
2021,1230,2
2024,1231,1
2021,1232,3
2022,1233,2
2024,1234,4
2021,1235,2
2019,1236,2
2022,1237,2
2019,1238,5
2020,1239,5
2022,1240,2
2021,1241,3
2024,1242,1
2024,1243,5
2023,1244,3
2024,1245,2
2020,1246,5
2023,1247,4
2021,1248,3
2021,1249,2
2024,1250,3
2024,1251,2
2020,1252,3
2021,1253,2
2023,1254,4
2021,1255,2
2021,1256,5
2021,1257,5
2021,1258,1
2018,1259,4
2020,1260,4
2018,1261,4
2024,1262,1
2022,1263,1
2019,1264,1
2024,1265,4
2024,1266,2
2024,1267,2
2023,1268,4
2023,1269,4
2019,1270,3
2021,1271,2
2022,1272,1
2021,1273,1
2019,1274,4
2021,1275,3
2024,1276,3
2020,1277,1
2019,1278,4
2020,1279,4
2019,1280,3
2023,1281,3
2023,1282,1
2022,1283,5
2024,1284,4
2023,1285,3
2020,1286,3
2019,1287,3
2022,1288,5
2024,1289,1
2024,1290,4
2024,1291,1
2024,1292,3
2018,1293,2
2021,1294,2
2024,1295,5
2024,1296,1
2022,1297,4
2020,1298,3
2020,1299,2
2018,1300,3
2024,1301,1
2021,1302,1
2024,1303,5
2024,1304,2
2023,1305,1
2018,1306,4
2019,1307,1
2019,1308,1
2018,1309,2
2021,1310,4
2023,1311,4
2019,1312,4
2021,1313,1
2022,1314,1
2023,1315,5
2021,1316,5
2018,1317,5
2023,1318,5
2020,1319,1
2023,1320,5
2018,1321,4
2023,1322,2
2023,1323,5
2023,1324,2
2024,1325,3
2019,1326,4
2021,1327,2
2020,1328,2
2024,1329,5
2019,1330,5
2023,1331,5
2019,1332,5
2020,1333,4
2021,1334,3
2022,1335,4
2023,1336,4
2020,1337,5
2020,1338,5
2021,1339,2
2024,1340,4
2023,1341,4
2021,1342,1
2021,1343,1
2021,1344,4
2019,1345,1
2022,1346,4
2024,1347,3
2021,1348,1
2019,1349,5
2023,1350,3
2023,1351,4
2024,1352,2
2021,1353,1
2024,1354,2
2020,1355,1
2021,1356,4
2020,1357,5
2021,1358,1
2021,1359,2
2021,1360,5
2024,1361,5
2023,1362,2
2022,1363,4
2022,1364,1
2022,1365,2
2019,1366,2
2023,1367,2
2020,1368,1
2019,1369,5
2021,1370,5
2018,1371,3
2021,1372,4
2019,1373,2
2022,1374,1
2022,1375,2
2020,1376,4
2019,1377,3
2020,1378,1
2022,1379,2
2018,1380,1
2023,1381,5
2023,1382,3
2024,1383,1
2020,1384,1
2020,1385,5
2018,1386,1
2022,1387,1
2022,1388,5
2020,1389,1
2020,1390,1
2019,1391,4
2023,1392,3
2018,1393,3
2023,1394,5
2018,1395,2
2024,1396,3
2024,1397,2
2020,1398,3
2019,1399,5
2019,1400,5
2024,1401,4
2021,1402,5
2021,1403,1
2024,1404,4
2023,1405,1
2020,1406,3
2022,1407,2
2019,1408,2
2024,1409,1
2018,1410,4
2023,1411,4
2019,1412,2
2018,1413,4
2024,1414,5
2021,1415,1
2024,1416,2
2023,1417,5
2024,1418,3
2022,1419,4
2018,1420,4
2022,1421,4
2023,1422,3
2022,1423,3
2023,1424,2
2019,1425,2
2024,1426,5
2023,1427,3
2022,1428,4
2023,1429,2
2018,1430,1
2019,1431,3
2019,1432,2
2024,1433,2
2021,1434,4
2021,1435,3
2022,1436,5
2020,1437,5
2019,1438,3
2018,1439,2
2024,1440,4
2024,1441,4
2024,1442,1
2021,1443,3
2024,1444,3
2019,1445,5
2018,1446,2
2022,1447,5
2024,1448,1
2023,1449,1
2023,1450,2
2020,1451,1
2024,1452,5
2020,1453,2
2018,1454,5
2018,1455,1
2021,1456,3
2018,1457,2
2020,1458,1
2018,1459,3
2024,1460,5
2022,1461,3
2022,1462,1
2023,1463,3
2018,1464,1
2020,1465,4
2022,1466,3
2021,1467,2
2019,1468,4
2023,1469,1
2021,1470,4
2020,1471,3
2024,1472,3
2024,1473,3
2024,1474,4
2022,1475,5
2020,1476,2
2018,1477,4
2019,1478,2
2018,1479,2
2019,1480,4
2024,1481,5
2022,1482,3
2022,1483,5
2021,1484,5
2021,1485,3
2021,1486,4
2020,1487,1
2023,1488,1
2024,1489,5
2024,1490,5
2018,1491,1
2019,1492,4
2022,1493,5
2019,1494,5
2021,1495,3
2024,1496,5
2024,1497,4
2022,1498,5
2018,1499,2
2020,1500,4
2019,1501,4
2024,1502,1
2022,1503,1
2021,1504,2
2019,1505,3
2018,1506,4
2020,1507,4
2024,1508,2
2020,1509,5
2021,1510,4
2021,1511,5
2022,1512,3
2022,1513,2
2022,1514,1
2019,1515,2
2021,1516,4
2023,1517,3
2020,1518,3
2020,1519,4
2019,1520,5
2019,1521,2
2021,1522,5
2018,1523,5
2024,1524,1
2018,1525,3
2019,1526,3
2018,1527,1
2022,1528,3
2018,1529,1
2019,1530,3
2020,1531,5
2021,1532,5
2023,1533,5
2019,1534,3
2024,1535,2
2019,1536,1
2021,1537,5
2018,1538,3
2020,1539,4
2019,1540,3
2020,1541,2
2024,1542,4
2021,1543,3
2019,1544,2
2018,1545,3
2022,1546,1
2019,1547,2
2023,1548,4
2021,1549,1
2024,1550,5
2019,1551,1
2021,1552,5
2020,1553,5
2018,1554,5
2021,1555,1
2021,1556,4
2022,1557,2
2022,1558,4
2024,1559,3
2023,1560,2
2024,1561,3
2019,1562,2
2018,1563,3
2021,1564,1
2024,1565,4
2020,1566,2
2018,1567,4
2024,1568,3
2018,1569,4
2019,1570,4
2023,1571,3
2023,1572,2
2024,1573,2
2021,1574,4
2021,1575,4
2022,1576,4
2023,1577,4
2022,1578,2
2024,1579,3
2019,1580,2
2018,1581,4
2022,1582,4
2020,1583,4
2022,1584,5
2023,1585,1
2019,1586,2
2019,1587,4
2019,1588,4
2018,1589,4
2019,1590,4
2019,1591,2
2018,1592,5
2019,1593,1
2019,1594,2
2023,1595,4
2023,1596,4
2018,1597,3
2024,1598,2
2021,1599,2
2020,1600,3
2024,1601,3
2019,1602,3
2024,1603,3
2019,1604,5
2020,1605,2
2024,1606,1
2022,1607,3
2018,1608,3
2022,1609,2
2019,1610,5
2022,1611,1
2022,1612,4
2019,1613,3
2023,1614,2
2023,1615,4
2018,1616,2
2021,1617,3
2019,1618,4
2018,1619,3
2023,1620,3
2024,1621,2
2020,1622,5
2022,1623,3
2019,1624,1
2023,1625,1
2022,1626,2
2022,1627,3
2024,1628,3
2019,1629,5
2018,1630,2
2018,1631,4
2019,1632,5
2018,1633,5
2021,1634,4
2022,1635,4
2020,1636,5
2018,1637,4
2021,1638,4
2023,1639,1
2024,1640,3
2019,1641,5
2020,1642,1
2021,1643,4
2022,1644,5
2018,1645,2
2024,1646,3
2023,1647,2
2020,1648,2
2020,1649,4
2024,1650,5
2018,1651,2
2022,1652,1
2022,1653,3
2023,1654,3
2019,1655,4
2024,1656,1
2022,1657,2
2020,1658,2
2024,1659,1
2020,1660,4
2022,1661,4
2021,1662,1
2022,1663,5
2021,1664,4
2021,1665,3
2021,1666,4
2022,1667,5
2019,1668,4
2022,1669,5
2021,1670,5
2020,1671,3
2021,1672,1
2023,1673,5
2024,1674,2
2023,1675,2
2018,1676,4
2021,1677,4
2023,1678,5
2019,1679,3
2018,1680,1
2022,1681,5
2019,1682,2
2021,1683,3
2024,1684,2
2023,1685,3
2024,1686,4
2019,1687,3
2024,1688,3
2019,1689,2
2022,1690,5
2021,1691,3
2020,1692,4
2021,1693,3
2020,1694,3
2024,1695,5
2020,1696,4
2019,1697,4
2018,1698,3
2019,1699,2
2022,1700,5
2023,1701,5
2019,1702,2
2021,1703,2
2018,1704,1
2023,1705,1
2018,1706,3
2023,1707,1
2018,1708,2
2024,1709,1
2023,1710,4
2024,1711,1
2024,1712,2
2024,1713,2
2020,1714,5
2019,1715,4
2023,1716,2
2023,1717,5
2018,1718,3
2020,1719,5
2023,1720,4
2024,1721,4
2021,1722,1
2019,1723,1
2023,1724,4
2020,1725,5
2022,1726,3
2020,1727,3
2022,1728,3
2024,1729,2
2021,1730,5
2019,1731,5
2021,1732,2
2023,1733,1
2020,1734,1
2018,1735,1
2020,1736,1
2021,1737,4
2021,1738,5
2019,1739,3
2021,1740,1
2018,1741,2
2022,1742,1
2023,1743,1
2018,1744,5
2020,1745,5
2019,1746,5
2018,1747,5
2018,1748,2
2022,1749,5
2024,1750,2
2022,1751,5
2022,1752,2
2018,1753,4
2023,1754,4
2018,1755,2
2023,1756,2
2021,1757,4
2024,1758,1
2020,1759,2
2020,1760,4
2018,1761,5
2022,1762,2
2024,1763,1
2023,1764,1
2019,1765,5
2018,1766,1
2018,1767,5
2019,1768,5
2020,1769,2
2018,1770,5
2020,1771,4
2024,1772,3
2020,1773,2
2024,1774,5
2020,1775,5
2022,1776,4
2022,1777,2
2023,1778,3
2019,1779,5
2022,1780,5
2023,1781,4
2018,1782,3
2023,1783,3
2020,1784,5
2022,1785,1
2021,1786,4
2023,1787,2
2022,1788,3
2020,1789,2
2023,1790,2
2021,1791,4
2021,1792,5
2020,1793,2
2022,1794,3
2023,1795,5
2019,1796,3
2024,1797,3
2020,1798,2
2020,1799,1
2020,1800,3
2019,1801,4
2021,1802,1
2018,1803,1
2021,1804,1
2019,1805,3
2020,1806,2
2021,1807,5
2023,1808,4
2018,1809,2
2019,1810,3
2023,1811,4
2024,1812,2
2019,1813,1
2024,1814,5
2019,1815,1
2018,1816,1
2019,1817,1
2022,1818,3
2018,1819,5
2023,1820,5
2021,1821,2
2021,1822,3
2019,1823,3
2019,1824,3
2021,1825,1
2019,1826,2
2018,1827,4
2024,1828,2
2023,1829,2
2022,1830,5
2020,1831,5
2021,1832,2
2019,1833,4
2018,1834,5
2019,1835,5
2024,1836,1
2022,1837,4
2019,1838,5
2021,1839,4
2021,1840,5
2018,1841,3
2024,1842,3
2020,1843,1
2024,1844,1
2019,1845,2
2022,1846,5
2024,1847,4
2024,1848,4
2024,1849,5
2023,1850,3
2018,1851,1
2021,1852,3
2023,1853,1
2024,1854,5
2023,1855,5
2023,1856,5
2021,1857,2
2022,1858,2
2019,1859,4
2022,1860,2
2024,1861,4
2022,1862,1
2022,1863,1
2024,1864,4
2023,1865,4
2022,1866,4
2019,1867,1
2022,1868,3
2021,1869,3
2024,1870,2
2021,1871,5
2024,1872,5
2018,1873,3
2021,1874,4
2020,1875,1
2023,1876,4
2020,1877,4
2021,1878,2
2021,1879,3
2022,1880,3
2019,1881,4
2023,1882,5
2018,1883,3
2023,1884,1
2019,1885,4
2022,1886,2
2019,1887,2
2021,1888,1
2021,1889,5
2020,1890,5
2018,1891,1
2019,1892,5
2019,1893,2
2023,1894,4
2019,1895,1
2023,1896,4
2019,1897,3
2020,1898,5
2018,1899,1
2021,1900,1
2019,1901,2
2024,1902,4
2023,1903,5
2023,1904,5
2023,1905,2
2018,1906,5
2023,1907,1
2022,1908,4
2022,1909,1
2023,1910,1
2024,1911,1
2020,1912,4
2022,1913,4
2024,1914,4
2024,1915,2
2022,1916,2
2024,1917,4
2024,1918,4
2018,1919,5
2024,1920,1
2021,1921,4
2024,1922,5
2022,1923,5
2022,1924,3
2020,1925,1
2019,1926,1
2021,1927,4
2020,1928,4
2023,1929,5
2020,1930,4
2022,1931,3
2018,1932,2
2021,1933,4
2021,1934,5
2019,1935,3
2020,1936,1
2020,1937,5
2024,1938,2
2020,1939,5
2018,1940,4
2024,1941,1
2019,1942,5
2018,1943,1
2018,1944,1
2022,1945,5
2021,1946,3
2022,1947,1
2018,1948,2
2021,1949,2
2018,1950,1
2019,1951,4
2020,1952,3
2018,1953,2
2022,1954,1
2022,1955,5
2020,1956,5
2023,1957,4
2019,1958,5
2018,1959,4
2020,1960,4
2019,1961,5
2021,1962,5
2020,1963,5
2024,1964,2
2018,1965,2
2021,1966,4
2019,1967,1
2023,1968,4
2019,1969,1
2020,1970,2
2023,1971,4
2024,1972,2
2023,1973,1
2023,1974,1
2023,1975,4
2019,1976,2
2019,1977,2
2019,1978,3
2018,1979,2
2021,1980,4
2018,1981,5
2022,1982,4
2024,1983,1
2022,1984,5
2021,1985,5
2021,1986,4
2021,1987,1
2018,1988,3
2019,1989,2
2020,1990,2
2020,1991,3
2021,1992,2
2024,1993,5
2019,1994,3
2024,1995,1
2024,1996,2
2019,1997,4
2020,1998,3
2019,1999,3
2020,2000,5
